fielder,role,innings_fielded,balls_in_field,catches,run_outs,stumpings,runs_saved,expected_runs_saved,fraa,fraa_per_100,fraa_per_100_raw,wpa,wpaa
YV Takawale,keeper,16,1864,13.0,5.0,4.0,63.678,25.407,38.271,1.249,2.053,0.185,0.049
Rahmanullah Gurbaz,outfield,18,2151,17.0,1.0,0.0,47.65,12.396,35.254,1.052,1.639,0.115,0.042
Anuj Rawat,outfield,24,2803,18.0,2.0,0.0,52.728,16.153,36.575,0.914,1.305,0.462,0.366
N Saini,keeper,10,1226,11.0,2.0,2.0,35.918,16.711,19.207,0.792,1.567,0.51,0.42
PD Salt,outfield,40,4775,32.0,6.0,0.0,73.781,27.517,46.264,0.774,0.969,0.354,0.192
Sohail Tanvir,outfield,11,1307,4.0,3.0,0.0,26.316,7.532,18.784,0.749,1.437,0.143,0.099
HH Gibbs,outfield,36,4396,22.0,5.0,0.0,65.733,25.333,40.399,0.722,0.919,0.241,0.092
SS Prabhudessai,outfield,11,1293,10.0,3.0,0.0,25.32,7.451,17.868,0.717,1.382,0.22,0.176
M Rawat,keeper,18,2145,16.0,9.0,2.0,52.847,29.237,23.61,0.706,1.101,0.279,0.122
AA Jhunjhunwala,outfield,21,2493,10.0,4.0,0.0,40.046,14.367,25.68,0.695,1.03,0.173,0.088
RD Rickelton,keeper,26,3099,20.0,4.0,5.0,70.769,42.24,28.529,0.664,0.921,0.348,0.121
SP Jackson,keeper,9,1079,7.0,2.0,2.0,29.337,14.707,14.63,0.642,1.356,0.195,0.116
XC Bartlett,outfield,13,1452,15.0,0.0,0.0,24.187,8.368,15.819,0.597,1.089,0.3,0.251
AC Gilchrist,keeper,80,9519,51.0,20.0,16.0,192.456,129.746,62.71,0.585,0.659,1.066,0.368
JM Sharma,keeper,71,8520,59.0,9.0,7.0,172.933,116.129,56.804,0.584,0.667,0.585,-0.039
A Manohar,outfield,27,3177,17.0,2.0,0.0,43.361,18.308,25.053,0.572,0.789,0.32,0.212
GJ Bailey,outfield,40,4680,12.0,6.0,0.0,59.796,26.97,32.826,0.558,0.701,0.454,0.295
C Green,outfield,42,5143,18.0,3.0,0.0,64.918,29.638,35.28,0.556,0.686,0.17,-0.004
LR Shukla,outfield,47,5309,15.0,6.0,0.0,66.482,30.595,35.888,0.551,0.676,0.194,0.014
SPD Smith,outfield,103,12416,54.0,10.0,0.0,141.032,71.551,69.481,0.51,0.56,0.887,0.465
D Ferreira,outfield,18,2164,16.0,0.0,0.0,28.575,12.471,16.104,0.479,0.744,0.111,0.038
RT Ponting,outfield,10,1177,4.0,0.0,0.0,17.644,6.783,10.861,0.457,0.923,0.058,0.018
Anand Rajan,outfield,8,974,3.0,2.0,0.0,15.427,5.613,9.814,0.451,1.008,0.133,0.1
BCJ Cutting,outfield,21,2544,10.0,2.0,0.0,31.56,14.66,16.899,0.451,0.664,0.212,0.126
D Brevis,outfield,27,3228,22.0,1.0,0.0,38.386,18.602,19.784,0.447,0.613,0.27,0.161
MS Dhoni,keeper,277,33152,158.0,53.0,47.0,602.347,451.869,150.479,0.438,0.454,3.31,0.879
DJ Bravo,outfield,160,19125,69.0,14.0,0.0,198.381,110.213,88.168,0.434,0.461,0.972,0.324
MW Short,outfield,9,1038,7.0,0.0,0.0,15.671,5.982,9.69,0.433,0.933,0.069,0.033
RA Bawa,outfield,8,977,6.0,1.0,0.0,14.793,5.63,9.163,0.421,0.938,0.037,0.004
Lalit Yadav,outfield,27,3346,18.0,2.0,0.0,38.242,19.282,18.96,0.417,0.567,0.091,-0.023
AUK Pathan,outfield,8,981,2.0,1.0,0.0,14.492,5.653,8.839,0.405,0.901,0.0,-0.033
J Fraser-McGurk,outfield,15,1844,8.0,1.0,0.0,22.838,10.627,12.212,0.401,0.662,0.016,-0.046
SK Raina,outfield,204,24320,106.0,13.0,0.0,239.212,140.151,99.062,0.388,0.407,1.163,0.338
Ramandeep Singh,outfield,37,4388,21.0,2.0,0.0,46.649,25.287,21.362,0.382,0.487,0.206,0.057
S Ladda,outfield,9,1097,1.0,2.0,0.0,15.086,6.322,8.765,0.382,0.799,0.0,-0.037
MA Starc,outfield,56,6455,30.0,4.0,0.0,65.946,37.199,28.748,0.376,0.445,0.347,0.128
Tilak Varma,outfield,68,8174,44.0,4.0,0.0,82.308,47.105,35.203,0.376,0.431,0.393,0.116
TH David,outfield,66,7939,32.0,4.0,0.0,79.826,45.751,34.075,0.373,0.429,0.25,-0.019
GD Phillips,outfield,14,1654,11.0,0.0,0.0,20.163,9.532,10.631,0.373,0.643,0.059,0.003
DT Christian,outfield,49,5937,28.0,4.0,0.0,60.351,34.214,26.137,0.366,0.44,0.394,0.193
MJ Guptill,outfield,13,1493,7.0,0.0,0.0,18.441,8.604,9.837,0.365,0.659,0.196,0.146
Naman Dhir,outfield,37,4409,24.0,1.0,0.0,45.594,25.408,20.186,0.36,0.458,0.281,0.132
CL White,outfield,47,5598,22.0,4.0,0.0,56.364,32.26,24.104,0.355,0.431,0.487,0.298
A Mithun,outfield,16,1938,7.0,1.0,0.0,22.274,11.168,11.106,0.354,0.573,0.038,-0.028
BA Stokes,outfield,45,5344,23.0,2.0,0.0,53.936,30.796,23.14,0.354,0.433,0.358,0.177
KD Karthik,keeper,256,30177,145.0,46.0,37.0,521.416,411.319,110.097,0.351,0.365,2.19,-0.022
Nithish Kumar Reddy,outfield,42,4971,22.0,2.0,0.0,49.37,28.647,20.724,0.336,0.417,0.175,0.007
C Bosch,outfield,9,1094,6.0,1.0,0.0,14.0,6.304,7.695,0.335,0.703,0.037,0.0
V Kohli,outfield,281,33359,126.0,20.0,0.0,307.949,192.24,115.709,0.335,0.347,1.375,0.243
Kamran Khan,outfield,9,1073,4.0,2.0,0.0,13.769,6.183,7.586,0.334,0.707,0.095,0.059
SO Hetmyer,outfield,94,11546,50.0,5.0,0.0,108.904,66.537,42.367,0.332,0.367,0.551,0.16
KA Pollard,outfield,189,22855,97.0,13.0,0.0,210.649,131.708,78.941,0.328,0.345,1.603,0.827
SS Iyer,outfield,146,17078,64.0,9.0,0.0,158.0,98.417,59.584,0.326,0.349,0.723,0.143
NV Ojha,keeper,112,13135,65.0,25.0,10.0,225.424,179.033,46.392,0.324,0.353,1.417,0.454
WP Saha,keeper,169,19799,93.0,20.0,26.0,337.507,269.865,67.643,0.322,0.342,2.133,0.681
DR Sams,outfield,16,1933,11.0,0.0,0.0,21.159,11.139,10.019,0.32,0.518,0.148,0.082
MK Pandey,outfield,180,21678,89.0,13.0,0.0,197.294,124.925,72.369,0.316,0.334,1.506,0.771
F du Plessis,outfield,153,18239,86.0,5.0,0.0,166.157,105.107,61.05,0.314,0.335,1.05,0.432
D Padikkal,outfield,90,10902,42.0,3.0,0.0,99.553,62.826,36.727,0.303,0.337,0.752,0.383
J Theron,outfield,10,1224,1.0,3.0,0.0,14.368,7.054,7.314,0.302,0.598,0.017,-0.025
SP Goswami,keeper,31,3720,18.0,8.0,7.0,65.471,50.704,14.767,0.3,0.397,0.322,0.049
J Suchith,outfield,22,2654,17.0,3.0,0.0,26.788,15.294,11.494,0.298,0.433,0.271,0.181
DA Warner,outfield,183,21947,88.0,9.0,0.0,195.501,126.476,69.025,0.298,0.315,1.333,0.589
RK Singh,outfield,71,8457,51.0,3.0,0.0,77.193,48.736,28.458,0.295,0.336,0.568,0.281
DJ Mitchell,outfield,15,1845,11.0,0.0,0.0,19.541,10.632,8.909,0.293,0.483,0.122,0.059
MJ Santner,outfield,35,4281,14.0,3.0,0.0,40.615,24.67,15.944,0.291,0.372,0.573,0.428
DPMD Jayawardene,outfield,80,9378,32.0,8.0,0.0,84.672,54.043,30.629,0.29,0.327,0.471,0.153
SR Tendulkar,outfield,78,9392,23.0,3.0,0.0,84.597,54.124,30.473,0.288,0.324,0.252,-0.067
K Goel,outfield,22,2544,9.0,1.0,0.0,25.312,14.66,10.651,0.284,0.419,0.051,-0.035
FY Fazal,outfield,12,1357,7.0,2.0,0.0,15.051,7.82,7.231,0.283,0.533,0.136,0.09
JP Faulkner,outfield,60,7228,16.0,8.0,0.0,65.41,41.653,23.757,0.282,0.329,0.229,-0.016
Q de Kock,keeper,118,13874,75.0,12.0,17.0,231.531,189.106,42.425,0.281,0.306,1.101,0.084
V Nigam,outfield,18,2177,3.0,2.0,0.0,21.984,12.546,9.439,0.28,0.434,0.0,-0.074
Urvil Patel,outfield,10,1169,8.0,0.0,0.0,13.185,6.737,6.448,0.272,0.552,0.05,0.01
R Sathish,outfield,34,4066,8.0,7.0,0.0,37.377,23.431,13.946,0.265,0.343,0.22,0.082
KC Sangakkara,keeper,71,8405,45.0,11.0,9.0,139.939,114.562,25.377,0.264,0.302,1.169,0.553
KP Appanna,outfield,13,1601,3.0,3.0,0.0,16.541,9.226,7.315,0.261,0.457,0.003,-0.052
C Connolly,outfield,14,1661,4.0,1.0,0.0,16.92,9.572,7.348,0.257,0.442,0.041,-0.015
DA Miller,outfield,152,18076,92.0,8.0,0.0,153.07,104.168,48.902,0.254,0.271,0.903,0.29
Sikandar Raza,outfield,9,1082,5.0,0.0,0.0,11.911,6.235,5.675,0.249,0.525,0.195,0.158
JO Holder,outfield,57,6752,22.0,3.0,0.0,58.562,38.91,19.652,0.247,0.291,0.356,0.127
MD Shanaka,outfield,10,1251,4.0,0.0,0.0,13.18,7.209,5.97,0.244,0.477,0.085,0.042
RR Pant,keeper,139,16730,90.0,7.0,24.0,271.47,228.034,43.436,0.242,0.26,1.053,-0.174
Y Nagar,outfield,25,2963,7.0,4.0,0.0,27.098,17.075,10.023,0.241,0.338,0.167,0.066
Aman Hakim Khan,outfield,12,1485,9.0,0.0,0.0,14.948,8.558,6.39,0.238,0.43,0.087,0.036
S Anirudha,outfield,20,2367,11.0,2.0,0.0,22.117,13.64,8.477,0.238,0.358,0.302,0.222
AK Markram,outfield,69,8364,39.0,0.0,0.0,70.917,48.2,22.717,0.238,0.272,0.304,0.021
PD Collingwood,outfield,8,967,3.0,0.0,0.0,10.702,5.573,5.129,0.237,0.53,0.024,-0.008
M Ntini,outfield,9,1064,1.0,2.0,0.0,11.481,6.132,5.349,0.236,0.503,0.096,0.06
WA Mota,outfield,12,1435,5.0,1.0,0.0,14.382,8.27,6.112,0.232,0.426,0.095,0.046
RG Sharma,outfield,281,33917,101.0,11.0,0.0,276.615,195.456,81.159,0.231,0.239,1.054,-0.096
R Dhawan,outfield,39,4680,13.0,3.0,0.0,40.504,26.97,13.534,0.23,0.289,0.196,0.038
KS Williamson,outfield,79,9516,40.0,1.0,0.0,79.4,54.839,24.561,0.229,0.258,0.34,0.018
KL Nagarkoti,outfield,12,1471,9.0,0.0,0.0,14.484,8.477,6.007,0.225,0.408,0.153,0.103
M Jansen,outfield,48,5673,26.0,0.0,0.0,47.871,32.692,15.179,0.221,0.268,0.334,0.142
DJ Hussey,outfield,64,7430,25.0,5.0,0.0,61.87,42.817,19.053,0.221,0.256,0.392,0.14
BJ Hodge,outfield,66,7870,22.0,5.0,0.0,65.366,45.353,20.013,0.221,0.254,0.345,0.078
RP Singh,outfield,82,9788,27.0,8.0,0.0,80.391,56.406,23.985,0.218,0.245,0.262,-0.071
MK Tiwary,outfield,98,11704,47.0,3.0,0.0,95.266,67.447,27.818,0.216,0.238,0.691,0.294
S Dhawan,outfield,222,26477,100.0,2.0,0.0,211.593,152.581,59.012,0.213,0.223,1.463,0.565
R Powell,outfield,38,4734,26.0,0.0,0.0,39.822,27.281,12.541,0.211,0.265,0.107,-0.054
AF Milne,outfield,11,1322,7.0,0.0,0.0,12.892,7.618,5.274,0.209,0.399,0.147,0.102
Bipul Sharma,outfield,33,3693,7.0,3.0,0.0,31.489,21.282,10.207,0.209,0.276,0.211,0.086
CR Brathwaite,outfield,16,1887,6.0,1.0,0.0,17.193,10.874,6.318,0.205,0.335,0.033,-0.031
AC Voges,outfield,9,1066,1.0,3.0,0.0,10.719,6.143,4.576,0.202,0.429,0.21,0.174
HR Shokeen,outfield,13,1562,5.0,1.0,0.0,14.567,9.001,5.566,0.202,0.356,0.087,0.035
E Malinga,outfield,22,2656,5.0,4.0,0.0,23.007,15.306,7.701,0.2,0.29,0.184,0.094
RE van der Merwe,outfield,21,2403,6.0,2.0,0.0,20.996,13.848,7.148,0.198,0.297,0.278,0.197
NK Patel,outfield,9,1114,6.0,0.0,0.0,11.01,6.42,4.591,0.198,0.412,0.041,0.003
Prince Yadav,outfield,20,2398,5.0,2.0,0.0,20.74,13.819,6.921,0.192,0.289,0.003,-0.079
HH Pandya,outfield,162,19559,68.0,7.0,0.0,152.265,112.714,39.551,0.191,0.202,1.138,0.474
Mohammad Nabi,outfield,24,2938,18.0,2.0,0.0,24.637,16.931,7.705,0.186,0.262,0.324,0.225
EJG Morgan,outfield,83,9796,36.0,6.0,0.0,76.835,56.452,20.383,0.185,0.208,0.663,0.331
KP Pietersen,outfield,36,4241,12.0,2.0,0.0,34.48,24.44,10.04,0.185,0.237,0.097,-0.047
D Wiese,outfield,17,1859,8.0,0.0,0.0,16.356,10.713,5.643,0.184,0.304,0.125,0.062
KK Cooper,outfield,25,3033,11.0,4.0,0.0,25.26,17.478,7.781,0.184,0.257,0.149,0.046
Ravi Bishnoi,outfield,85,10247,27.0,4.0,0.0,80.07,59.051,21.019,0.184,0.205,0.485,0.137
CJ Jordan,outfield,34,3997,14.0,2.0,0.0,32.464,23.034,9.43,0.181,0.236,0.153,0.017
RA Jadeja,outfield,267,32036,104.0,25.0,0.0,244.6,184.616,59.984,0.18,0.187,2.08,0.993
KK Nair,outfield,85,10140,29.0,8.0,0.0,78.625,58.434,20.19,0.178,0.199,0.531,0.187
NLTC Perera,outfield,37,4298,13.0,6.0,0.0,34.335,24.768,9.566,0.174,0.223,0.183,0.037
AS Yadav,outfield,8,936,1.0,1.0,0.0,9.093,5.394,3.699,0.173,0.395,0.141,0.11
M Manhas,outfield,55,6641,20.0,2.0,0.0,51.83,38.271,13.559,0.173,0.204,0.206,-0.019
KB Arun Karthik,keeper,17,2035,12.0,4.0,2.0,33.323,27.737,5.586,0.173,0.274,0.428,0.279
TL Suman,outfield,43,5190,10.0,5.0,0.0,40.907,29.909,10.999,0.172,0.212,0.39,0.214
LA Pomersbach,outfield,17,1981,8.0,0.0,0.0,16.837,11.416,5.421,0.17,0.274,0.064,-0.004
R Parag,outfield,97,11795,49.0,3.0,0.0,89.912,67.972,21.941,0.169,0.186,0.561,0.161
P Dogra,outfield,13,1488,5.0,1.0,0.0,13.099,8.575,4.524,0.168,0.304,0.08,0.029
Aniket Verma,outfield,24,2828,11.0,1.0,0.0,23.047,16.297,6.75,0.168,0.239,0.148,0.052
RR Raje,outfield,10,1186,3.0,1.0,0.0,10.769,6.835,3.934,0.165,0.332,0.134,0.094
Gurjapneet Singh,outfield,8,953,5.0,0.0,0.0,9.027,5.492,3.536,0.164,0.371,0.069,0.037
J Botha,outfield,34,4068,16.0,3.0,0.0,31.995,23.443,8.552,0.162,0.21,0.194,0.056
SB Jakati,outfield,59,6966,19.0,4.0,0.0,53.307,40.143,13.164,0.161,0.189,0.452,0.215
N Burger,outfield,18,2159,5.0,0.0,0.0,17.735,12.442,5.293,0.158,0.245,0.072,-0.002
Zeeshan Ansari,outfield,10,1160,3.0,1.0,0.0,10.331,6.685,3.647,0.155,0.314,0.05,0.011
K Gowtham,outfield,35,4061,21.0,0.0,0.0,31.377,23.403,7.975,0.152,0.196,0.287,0.149
AM Rahane,outfield,211,25117,85.0,9.0,0.0,183.925,144.744,39.182,0.149,0.156,0.585,-0.267
S Randiv,outfield,8,923,2.0,1.0,0.0,8.327,5.319,3.008,0.142,0.326,0.159,0.128
JG Bethell,outfield,9,1061,5.0,0.0,0.0,9.317,6.114,3.202,0.142,0.302,0.0,-0.036
ST Jayasuriya,outfield,30,3541,4.0,5.0,0.0,27.12,20.406,6.714,0.142,0.19,0.36,0.24
WG Jacks,outfield,28,3377,11.0,1.0,0.0,25.843,19.461,6.382,0.139,0.189,0.155,0.041
CH Morris,outfield,81,9515,36.0,4.0,0.0,69.659,54.833,14.826,0.138,0.156,0.44,0.117
AS Roy,outfield,24,2912,16.0,2.0,0.0,22.334,16.781,5.553,0.135,0.191,0.06,-0.039
RD Gaikwad,outfield,85,10307,44.0,3.0,0.0,74.588,59.397,15.191,0.132,0.147,0.493,0.144
P Negi,outfield,50,5865,16.0,5.0,0.0,42.923,33.799,9.124,0.129,0.156,0.249,0.05
LMP Simmons,outfield,29,3490,10.0,1.0,0.0,26.124,20.112,6.012,0.128,0.172,0.236,0.118
Harshit Rana,outfield,33,3866,11.0,0.0,0.0,28.616,22.279,6.337,0.125,0.164,0.172,0.041
LS Livingstone,outfield,51,5979,25.0,0.0,0.0,43.412,34.456,8.956,0.125,0.15,0.325,0.123
Shahid Afridi,outfield,10,1171,4.0,0.0,0.0,9.68,6.748,2.932,0.124,0.25,0.03,-0.01
I Udana,outfield,10,1204,3.0,0.0,0.0,9.9,6.938,2.962,0.123,0.246,0.029,-0.012
LRPL Taylor,outfield,55,6609,18.0,1.0,0.0,47.453,38.086,9.367,0.12,0.142,0.044,-0.18
SW Tait,outfield,21,2446,5.0,1.0,0.0,18.463,14.096,4.367,0.12,0.179,0.207,0.124
DH Yagnik,keeper,25,3013,12.0,6.0,5.0,46.055,41.068,4.987,0.118,0.166,0.118,-0.103
Shubman Gill,outfield,134,15879,57.0,2.0,0.0,111.684,91.507,20.177,0.118,0.127,0.452,-0.087
SB Bangar,outfield,12,1402,2.0,2.0,0.0,11.115,8.079,3.036,0.117,0.217,0.068,0.02
DJG Sammy,outfield,22,2625,9.0,4.0,0.0,19.572,15.127,4.445,0.116,0.169,0.289,0.2
JP Duminy,outfield,83,9692,30.0,3.0,0.0,67.876,55.853,12.024,0.11,0.124,0.528,0.199
PK Garg,outfield,23,2780,11.0,0.0,0.0,20.121,16.021,4.1,0.103,0.147,0.279,0.185
MG Johnson,outfield,54,6530,15.0,4.0,0.0,45.483,37.631,7.852,0.102,0.12,0.283,0.062
AR Patel,outfield,176,21084,79.0,5.0,0.0,143.893,121.502,22.391,0.1,0.106,1.038,0.323
PJ Cummins,outfield,80,9510,22.0,2.0,0.0,65.541,54.804,10.737,0.1,0.113,0.128,-0.195
Sameer Rizvi,outfield,25,2911,9.0,1.0,0.0,20.855,16.775,4.079,0.099,0.14,0.101,0.002
MC Henriques,outfield,62,7159,29.0,1.0,0.0,49.521,41.256,8.265,0.099,0.115,0.386,0.143
SD Hope,outfield,9,1097,6.0,1.0,0.0,8.549,6.322,2.227,0.097,0.203,0.105,0.068
Shahbaz Ahmed,outfield,63,7543,20.0,2.0,0.0,51.926,43.469,8.457,0.097,0.112,0.312,0.057
M Kartik,outfield,56,6696,18.0,3.0,0.0,46.118,38.588,7.53,0.095,0.112,0.208,-0.019
BB Samantray,outfield,9,1077,3.0,1.0,0.0,8.143,6.207,1.936,0.085,0.18,0.055,0.019
SA Asnodkar,outfield,20,2400,6.0,1.0,0.0,16.848,13.831,3.018,0.084,0.126,0.037,-0.044
Shashank Singh,outfield,53,6259,18.0,1.0,0.0,42.277,36.069,6.208,0.083,0.099,0.117,-0.096
M Vijay,outfield,106,12560,47.0,1.0,0.0,83.555,72.38,11.175,0.081,0.089,0.615,0.189
R McLaren,outfield,18,2143,5.0,1.0,0.0,15.011,12.35,2.662,0.08,0.124,0.089,0.016
M Kaif,outfield,29,3474,16.0,1.0,0.0,23.672,20.02,3.652,0.078,0.105,0.272,0.154
R Dravid,outfield,89,10619,18.0,8.0,0.0,70.126,61.195,8.931,0.076,0.084,0.346,-0.015
R Ravindra,outfield,18,2169,10.0,1.0,0.0,15.011,12.499,2.511,0.075,0.116,0.032,-0.041
JJ Roy,outfield,21,2472,10.0,0.0,0.0,16.87,14.246,2.624,0.071,0.106,0.096,0.012
SE Marsh,outfield,71,8293,26.0,3.0,0.0,54.477,47.791,6.686,0.07,0.081,0.222,-0.06
Dhruv Jurel,keeper,57,7011,37.0,5.0,1.0,101.312,95.561,5.75,0.07,0.082,0.354,-0.16
IK Pathan,outfield,102,11966,28.0,8.0,0.0,77.944,68.957,8.986,0.068,0.075,0.386,-0.02
Shivam Mavi,outfield,32,3786,17.0,1.0,0.0,25.21,21.818,3.392,0.068,0.09,0.069,-0.059
MV Boucher,keeper,31,3672,14.0,7.0,3.0,53.354,50.05,3.304,0.068,0.09,0.381,0.112
DR Smith,outfield,91,10880,41.0,3.0,0.0,70.858,62.699,8.159,0.068,0.075,0.65,0.281
VR Iyer,outfield,68,8052,23.0,3.0,0.0,52.64,46.402,6.239,0.067,0.077,0.323,0.05
DJ Hooda,outfield,125,15027,59.0,4.0,0.0,97.5,86.597,10.903,0.067,0.073,0.77,0.26
SA Yadav,outfield,179,21462,77.0,2.0,0.0,138.588,123.681,14.907,0.066,0.069,0.641,-0.087
MK Lomror,outfield,40,4662,12.0,0.0,0.0,30.694,26.866,3.828,0.065,0.082,0.105,-0.053
MEK Hussey,outfield,59,7020,26.0,1.0,0.0,45.766,40.455,5.312,0.065,0.076,0.259,0.021
Mohammed Siraj,outfield,125,14912,37.0,2.0,0.0,95.884,85.934,9.95,0.062,0.067,0.361,-0.145
Yuvraj Singh,outfield,132,15535,29.0,10.0,0.0,99.534,89.525,10.009,0.06,0.064,1.01,0.483
DB Ravi Teja,outfield,32,3858,11.0,2.0,0.0,25.207,22.233,2.974,0.059,0.077,0.238,0.107
MD Choudhary,outfield,10,1186,3.0,0.0,0.0,8.2,6.835,1.365,0.057,0.115,0.042,0.002
B Lee,outfield,38,4532,8.0,6.0,0.0,29.278,26.117,3.161,0.055,0.07,0.131,-0.022
JP Inglis,keeper,16,1716,10.0,0.0,1.0,24.919,23.389,1.529,0.052,0.089,0.055,-0.071
TG Southee,outfield,54,6516,21.0,2.0,0.0,41.519,37.55,3.969,0.051,0.061,0.122,-0.099
DS Rathi,outfield,23,2766,7.0,0.0,0.0,17.91,15.94,1.97,0.05,0.071,0.169,0.075
YBK Jaiswal,outfield,82,10027,32.0,3.0,0.0,63.221,57.783,5.438,0.048,0.054,0.331,-0.009
RV Uthappa,keeper,205,24422,92.0,45.0,32.0,345.007,332.877,12.13,0.047,0.05,1.466,-0.324
Iqbal Abdulla,outfield,49,5814,12.0,5.0,0.0,36.612,33.505,3.107,0.044,0.053,0.179,-0.018
GJ Maxwell,outfield,141,16495,52.0,7.0,0.0,102.659,95.057,7.602,0.043,0.046,0.461,-0.099
GH Vihari,outfield,24,2908,6.0,2.0,0.0,18.517,16.758,1.759,0.043,0.06,0.184,0.085
KMA Paul,outfield,8,978,6.0,0.0,0.0,6.535,5.636,0.899,0.041,0.092,0.06,0.027
A Kamboj,outfield,25,2904,6.0,1.0,0.0,18.413,16.735,1.678,0.041,0.058,0.002,-0.096
Mandeep Singh,outfield,110,12966,38.0,2.0,0.0,80.096,74.72,5.376,0.038,0.041,0.541,0.101
HC Brook,outfield,11,1315,3.0,0.0,0.0,8.496,7.578,0.918,0.036,0.07,0.064,0.019
BJ Rohrer,outfield,8,976,3.0,2.0,0.0,6.387,5.624,0.762,0.035,0.078,0.001,-0.032
Azhar Mahmood,outfield,23,2776,7.0,1.0,0.0,17.238,15.997,1.241,0.031,0.045,0.16,0.066
TM Dilshan,outfield,51,6198,21.0,3.0,0.0,37.862,35.718,2.145,0.029,0.035,0.107,-0.104
A Symonds,outfield,39,4650,20.0,1.0,0.0,28.404,26.797,1.607,0.027,0.035,0.139,-0.019
S Badrinath,outfield,94,11127,16.0,5.0,0.0,67.321,64.122,3.199,0.026,0.029,0.405,0.027
MS Wade,keeper,14,1682,8.0,1.0,1.0,23.584,22.926,0.657,0.023,0.039,0.043,-0.08
GB Hogg,outfield,21,2442,4.0,1.0,0.0,14.89,14.073,0.817,0.022,0.033,0.081,-0.002
W Jaffer,outfield,8,949,4.0,1.0,0.0,5.947,5.469,0.478,0.022,0.05,0.045,0.013
JD Ryder,outfield,29,3459,10.0,0.0,0.0,20.948,19.933,1.014,0.022,0.029,0.022,-0.096
M Siddharth,outfield,9,1079,3.0,0.0,0.0,6.714,6.218,0.496,0.022,0.046,0.028,-0.009
V Shankar,outfield,78,9231,35.0,4.0,0.0,55.081,53.196,1.884,0.018,0.02,0.597,0.284
JA Morkel,outfield,90,10647,17.0,6.0,0.0,62.902,61.356,1.545,0.013,0.015,0.179,-0.182
R Tewatia,outfield,124,14756,47.0,2.0,0.0,87.088,85.035,2.053,0.013,0.014,0.484,-0.017
AJ Hosein,outfield,8,966,2.0,0.0,0.0,5.836,5.567,0.27,0.012,0.028,0.0,-0.033
KW Richardson,outfield,15,1805,5.0,1.0,0.0,10.668,10.402,0.267,0.009,0.015,0.064,0.003
A Badoni,outfield,65,7861,18.0,2.0,0.0,46.0,45.301,0.698,0.008,0.009,0.452,0.186
PR Shah,keeper,16,1849,10.0,3.0,3.0,25.413,25.202,0.21,0.007,0.011,0.135,-0.0
JDP Oram,outfield,18,2094,7.0,2.0,0.0,12.203,12.067,0.136,0.004,0.006,0.112,0.041
M Shahrukh Khan,outfield,64,7548,28.0,1.0,0.0,43.538,43.497,0.041,0.0,0.001,0.417,0.161
AJ Finch,outfield,92,10976,28.0,3.0,0.0,63.28,63.252,0.028,0.0,0.0,0.143,-0.229
PBB Rajapaksa,outfield,13,1551,4.0,0.0,0.0,8.904,8.938,-0.034,-0.001,-0.002,0.039,-0.013
A Mhatre,outfield,13,1511,4.0,0.0,0.0,8.67,8.708,-0.038,-0.001,-0.002,0.047,-0.004
Yashpal Singh,outfield,8,972,3.0,0.0,0.0,5.57,5.601,-0.031,-0.001,-0.003,0.0,-0.033
R Bhatia,outfield,95,11422,23.0,8.0,0.0,65.571,65.822,-0.251,-0.002,-0.002,0.207,-0.181
S Arora,outfield,13,1583,3.0,0.0,0.0,9.06,9.122,-0.062,-0.002,-0.004,0.011,-0.043
Simarjeet Singh,outfield,14,1654,3.0,1.0,0.0,9.445,9.532,-0.087,-0.003,-0.005,0.081,0.025
YK Pathan,outfield,174,20790,41.0,10.0,0.0,119.105,119.808,-0.703,-0.003,-0.003,0.574,-0.132
Yash Dayal,outfield,43,5133,8.0,2.0,0.0,29.323,29.58,-0.257,-0.004,-0.005,0.094,-0.08
R Vinay Kumar,outfield,104,12380,32.0,13.0,0.0,70.747,71.343,-0.596,-0.004,-0.005,0.533,0.113
MJ Lumb,outfield,12,1409,5.0,0.0,0.0,8.0,8.12,-0.12,-0.005,-0.009,0.116,0.068
WD Parnell,outfield,33,3915,10.0,1.0,0.0,22.322,22.561,-0.239,-0.005,-0.006,0.069,-0.064
GC Smith,outfield,29,3524,7.0,0.0,0.0,19.97,20.308,-0.338,-0.007,-0.01,0.145,0.025
Shoaib Ahmed,outfield,8,982,4.0,0.0,0.0,5.478,5.659,-0.181,-0.008,-0.018,0.144,0.11
AD Mathews,outfield,49,5701,19.0,3.0,0.0,32.276,32.854,-0.577,-0.008,-0.01,0.116,-0.077
Abhishek Sharma,outfield,92,11080,35.0,1.0,0.0,62.753,63.852,-1.099,-0.009,-0.01,0.355,-0.021
SC Ganguly,outfield,59,6749,22.0,1.0,0.0,38.076,38.893,-0.817,-0.01,-0.012,0.333,0.104
OA Shah,outfield,23,2749,7.0,1.0,0.0,15.434,15.842,-0.408,-0.01,-0.015,0.048,-0.045
JD Unadkat,outfield,116,13684,22.0,7.0,0.0,77.248,78.858,-1.61,-0.011,-0.012,0.271,-0.193
SS Tiwary,outfield,92,10845,25.0,5.0,0.0,61.05,62.497,-1.447,-0.012,-0.013,0.148,-0.22
Joginder Sharma,outfield,16,1873,5.0,2.0,0.0,10.385,10.794,-0.409,-0.013,-0.022,0.074,0.01
V Sehwag,outfield,104,12409,34.0,8.0,0.0,69.452,71.51,-2.059,-0.015,-0.017,0.552,0.131
Harbhajan Singh,outfield,163,19694,38.0,10.0,0.0,110.258,113.492,-3.234,-0.015,-0.016,0.222,-0.446
Rashid Khan,outfield,153,18274,51.0,6.0,0.0,102.004,105.309,-3.305,-0.017,-0.018,0.539,-0.081
JH Kallis,outfield,98,11799,30.0,6.0,0.0,65.774,67.995,-2.221,-0.017,-0.019,0.362,-0.038
DP Conway,outfield,29,3461,10.0,1.0,0.0,19.06,19.945,-0.885,-0.019,-0.026,0.138,0.02
AG Murtaza,outfield,12,1432,3.0,1.0,0.0,7.734,8.252,-0.519,-0.02,-0.036,0.124,0.076
Abdul Samad,outfield,71,8550,33.0,0.0,0.0,47.204,49.272,-2.067,-0.021,-0.024,0.419,0.129
Sachin Baby,outfield,20,2391,5.0,3.0,0.0,13.011,13.779,-0.768,-0.021,-0.032,0.0,-0.081
SK Trivedi,outfield,76,9073,12.0,4.0,0.0,50.08,52.286,-2.205,-0.021,-0.024,0.245,-0.063
RN ten Doeschate,outfield,29,3507,7.0,3.0,0.0,19.191,20.21,-1.019,-0.022,-0.029,0.092,-0.027
PWH de Silva,outfield,37,4373,3.0,3.0,0.0,23.825,25.201,-1.375,-0.025,-0.031,0.001,-0.147
VY Mahesh,outfield,17,2040,6.0,0.0,0.0,10.943,11.756,-0.813,-0.025,-0.04,0.049,-0.021
Shakib Al Hasan,outfield,71,8518,13.0,7.0,0.0,46.005,49.087,-3.082,-0.032,-0.036,0.122,-0.167
BB Sran,outfield,24,2956,4.0,2.0,0.0,15.671,17.035,-1.364,-0.033,-0.046,0.249,0.148
B Sai Sudharsan,outfield,57,6722,14.0,2.0,0.0,35.893,38.737,-2.844,-0.036,-0.042,0.11,-0.118
RV Gomez,outfield,13,1504,3.0,1.0,0.0,7.648,8.667,-1.019,-0.038,-0.068,0.071,0.02
PA Reddy,outfield,12,1437,2.0,1.0,0.0,7.283,8.281,-0.998,-0.038,-0.069,0.0,-0.049
RJ Harris,outfield,37,4406,18.0,0.0,0.0,22.936,25.391,-2.454,-0.044,-0.056,0.126,-0.023
VG Arora,outfield,42,5011,11.0,3.0,0.0,26.09,28.877,-2.787,-0.045,-0.056,0.15,-0.02
SR Watson,outfield,145,17334,38.0,9.0,0.0,91.326,99.892,-8.566,-0.046,-0.049,0.392,-0.196
SP Fleming,outfield,10,1158,2.0,0.0,0.0,5.58,6.673,-1.093,-0.046,-0.094,0.028,-0.011
M Prasidh Krishna,outfield,78,9415,18.0,2.0,0.0,48.984,54.256,-5.273,-0.05,-0.056,0.228,-0.091
DP Nannes,outfield,29,3545,8.0,2.0,0.0,18.062,20.429,-2.367,-0.05,-0.067,0.125,0.005
SB Styris,outfield,12,1448,2.0,2.0,0.0,7.016,8.344,-1.328,-0.05,-0.092,0.075,0.026
MA Agarwal,outfield,130,15467,59.0,2.0,0.0,80.665,89.133,-8.468,-0.051,-0.055,0.552,0.028
Ashwani Kumar,outfield,10,1189,2.0,0.0,0.0,5.628,6.852,-1.224,-0.051,-0.103,0.035,-0.005
H Klaasen,keeper,64,7577,35.0,8.0,7.0,98.686,103.276,-4.59,-0.052,-0.061,0.715,0.159
J Little,outfield,11,1272,5.0,0.0,0.0,5.99,7.33,-1.341,-0.054,-0.105,0.044,0.001
RM Patidar,outfield,57,6804,20.0,0.0,0.0,34.774,39.21,-4.436,-0.055,-0.065,0.141,-0.09
KV Sharma,outfield,90,10647,18.0,2.0,0.0,54.427,61.356,-6.929,-0.058,-0.065,0.299,-0.062
RA Tripathi,outfield,100,11810,34.0,1.0,0.0,60.412,68.058,-7.646,-0.059,-0.065,0.374,-0.027
UBT Chand,outfield,21,2518,9.0,0.0,0.0,12.253,14.511,-2.257,-0.061,-0.09,0.075,-0.01
ML Hayden,outfield,32,3854,11.0,3.0,0.0,19.074,22.21,-3.136,-0.062,-0.081,0.137,0.006
Z Khan,outfield,99,11635,20.0,6.0,0.0,58.935,67.05,-8.114,-0.063,-0.07,0.313,-0.082
AD Russell,outfield,139,16500,36.0,4.0,0.0,83.578,95.086,-11.508,-0.065,-0.07,0.614,0.054
K Rabada,outfield,101,12138,31.0,3.0,0.0,61.202,69.949,-8.746,-0.066,-0.072,0.527,0.115
Naveen-ul-Haq,outfield,17,2051,6.0,1.0,0.0,9.677,11.819,-2.142,-0.066,-0.104,0.074,0.005
AN Ahmed,outfield,17,2073,2.0,3.0,0.0,9.771,11.946,-2.175,-0.066,-0.105,0.01,-0.06
N Wadhera,outfield,44,5069,14.0,1.0,0.0,24.886,29.211,-4.325,-0.069,-0.085,0.042,-0.13
MS Bisla,keeper,39,4727,20.0,10.0,7.0,60.307,64.43,-4.123,-0.07,-0.087,0.208,-0.138
C Munro,outfield,13,1507,4.0,0.0,0.0,6.8,8.684,-1.885,-0.07,-0.125,0.099,0.048
MP Yadav,outfield,10,1236,3.0,0.0,0.0,5.35,7.123,-1.773,-0.073,-0.143,0.0,-0.042
SN Thakur,outfield,114,13739,33.0,4.0,0.0,68.287,79.175,-10.887,-0.073,-0.079,0.542,0.076
Ishan Kishan,keeper,134,16159,67.0,15.0,6.0,207.531,220.251,-12.72,-0.073,-0.079,1.154,-0.031
Mukesh Choudhary,outfield,24,2893,5.0,1.0,0.0,13.513,16.672,-3.159,-0.077,-0.109,0.063,-0.035
AS Raut,outfield,22,2628,10.0,1.0,0.0,12.122,15.145,-3.023,-0.079,-0.115,0.319,0.229
Suryansh Shedge,outfield,12,1464,4.0,0.0,0.0,6.321,8.437,-2.115,-0.079,-0.144,0.133,0.083
Karanveer Singh,outfield,9,1112,2.0,0.0,0.0,4.518,6.408,-1.891,-0.082,-0.17,0.0,-0.038
SN Khan,outfield,57,6672,16.0,3.0,0.0,31.847,38.449,-6.602,-0.084,-0.099,0.137,-0.089
DE Bollinger,outfield,27,3160,6.0,1.0,0.0,14.542,18.21,-3.669,-0.084,-0.116,0.049,-0.058
AB de Villiers,keeper,182,21597,120.0,20.0,8.0,274.751,294.372,-19.62,-0.086,-0.091,1.784,0.201
Arshad Khan,outfield,26,3080,8.0,0.0,0.0,14.042,17.749,-3.708,-0.087,-0.12,0.09,-0.015
S Nadeem,outfield,72,8335,11.0,4.0,0.0,39.733,48.033,-8.299,-0.087,-0.1,0.127,-0.156
M Pathirana,outfield,33,4045,9.0,0.0,0.0,18.708,23.31,-4.602,-0.088,-0.114,0.187,0.05
G Gambhir,outfield,154,18353,28.0,8.0,0.0,87.93,105.764,-17.834,-0.091,-0.097,0.265,-0.357
Parvez Rasool,outfield,11,1320,3.0,0.0,0.0,5.288,7.607,-2.319,-0.092,-0.176,0.0,-0.045
Mayank Dagar,outfield,8,940,3.0,0.0,0.0,3.413,5.417,-2.004,-0.094,-0.213,0.0,-0.032
CR Woakes,outfield,21,2519,6.0,0.0,0.0,11.03,14.516,-3.486,-0.094,-0.138,0.039,-0.047
JEC Franklin,outfield,20,2400,6.0,0.0,0.0,10.455,13.831,-3.376,-0.094,-0.141,0.064,-0.018
N Thushara,outfield,8,978,1.0,1.0,0.0,3.561,5.636,-2.075,-0.095,-0.212,0.0,-0.033
Anmolpreet Singh,outfield,9,1101,2.0,0.0,0.0,4.126,6.345,-2.218,-0.096,-0.201,0.018,-0.019
SK Warne,outfield,55,6465,11.0,3.0,0.0,29.763,37.256,-7.493,-0.098,-0.116,0.258,0.039
S Rana,outfield,11,1227,3.0,0.0,0.0,4.66,7.071,-2.411,-0.099,-0.197,0.04,-0.001
Abishek Porel,outfield,35,4168,9.0,3.0,0.0,18.6,24.019,-5.419,-0.101,-0.13,0.016,-0.125
DJ Willey,outfield,11,1369,4.0,0.0,0.0,5.279,7.889,-2.611,-0.102,-0.191,0.0,-0.046
RR Powar,outfield,27,3177,5.0,0.0,0.0,13.852,18.308,-4.456,-0.102,-0.14,0.081,-0.027
J Yadav,outfield,20,2307,7.0,0.0,0.0,9.659,13.295,-3.636,-0.104,-0.158,0.101,0.022
SH Johnson,outfield,12,1334,3.0,0.0,0.0,5.039,7.688,-2.649,-0.105,-0.199,0.082,0.037
CRD Fernando,outfield,10,1221,2.0,1.0,0.0,4.469,7.036,-2.567,-0.106,-0.21,0.0,-0.041
MM Patel,outfield,63,7498,12.0,2.0,0.0,33.972,43.209,-9.238,-0.106,-0.123,0.198,-0.056
SB Wagh,outfield,8,977,1.0,1.0,0.0,3.305,5.63,-2.326,-0.107,-0.238,0.031,-0.002
B Laughlin,outfield,9,994,1.0,0.0,0.0,3.321,5.728,-2.408,-0.11,-0.242,0.033,-0.001
AA Chavan,outfield,13,1469,3.0,0.0,0.0,5.514,8.466,-2.951,-0.111,-0.201,0.06,0.01
Y Venugopal Rao,outfield,64,7582,13.0,3.0,0.0,33.98,43.693,-9.713,-0.111,-0.128,0.196,-0.061
KH Pandya,outfield,157,18964,49.0,2.0,0.0,86.479,109.285,-22.806,-0.113,-0.12,0.65,0.007
RR Rossouw,outfield,22,2732,10.0,0.0,0.0,11.288,15.744,-4.456,-0.113,-0.163,0.088,-0.005
Himmat Singh,outfield,9,1112,2.0,0.0,0.0,3.764,6.408,-2.644,-0.114,-0.238,0.051,0.013
UT Yadav,outfield,147,17532,36.0,4.0,0.0,78.815,101.033,-22.218,-0.119,-0.127,0.429,-0.165
TA Boult,outfield,124,15069,33.0,3.0,0.0,67.422,86.839,-19.418,-0.119,-0.129,0.331,-0.18
S Dube,outfield,92,11041,27.0,0.0,0.0,48.871,63.627,-14.756,-0.121,-0.134,0.135,-0.239
SMSM Senanayake,outfield,8,969,2.0,0.0,0.0,2.955,5.584,-2.629,-0.121,-0.271,0.0,-0.032
R Sai Kishore,outfield,28,3359,8.0,0.0,0.0,13.762,19.357,-5.595,-0.123,-0.167,0.059,-0.055
SM Pollock,outfield,13,1503,2.0,1.0,0.0,5.337,8.661,-3.324,-0.123,-0.221,0.059,0.008
R Ashwin,outfield,219,26270,44.0,9.0,0.0,117.581,151.388,-33.807,-0.123,-0.129,0.353,-0.538
MM Sharma,outfield,120,14125,25.0,6.0,0.0,62.371,81.399,-19.028,-0.124,-0.135,0.321,-0.158
S Badree,outfield,12,1414,2.0,0.0,0.0,4.863,8.149,-3.285,-0.126,-0.232,0.0,-0.048
A Ashish Reddy,outfield,31,3717,8.0,2.0,0.0,15.153,21.42,-6.267,-0.127,-0.169,0.128,0.001
B Kumar,outfield,206,24514,33.0,9.0,0.0,107.979,141.269,-33.289,-0.129,-0.136,0.808,-0.023
S Lamichhane,outfield,9,1091,1.0,0.0,0.0,3.321,6.287,-2.967,-0.129,-0.272,0.0,-0.037
MM Ali,outfield,73,8866,22.0,2.0,0.0,37.909,51.093,-13.184,-0.131,-0.149,0.308,0.007
VVS Laxman,outfield,20,2360,4.0,1.0,0.0,8.883,13.6,-4.717,-0.132,-0.2,0.013,-0.067
CV Varun,outfield,94,11227,15.0,4.0,0.0,48.197,64.699,-16.501,-0.133,-0.147,0.215,-0.165
A Mishra,outfield,162,19349,19.0,10.0,0.0,83.9,111.504,-27.604,-0.134,-0.143,0.587,-0.069
AJ Tye,outfield,30,3624,7.0,0.0,0.0,14.355,20.884,-6.529,-0.135,-0.18,0.112,-0.011
STR Binny,outfield,95,11421,19.0,5.0,0.0,48.64,65.817,-17.176,-0.136,-0.15,0.396,0.008
Priyansh Arya,outfield,30,3505,10.0,0.0,0.0,13.656,20.199,-6.543,-0.139,-0.187,0.111,-0.008
Akash Deep,outfield,14,1731,2.0,0.0,0.0,5.774,9.975,-4.202,-0.143,-0.243,0.0,-0.059
RD Chahar,outfield,80,9643,21.0,0.0,0.0,39.993,55.57,-15.577,-0.144,-0.162,0.255,-0.072
NM Coulter-Nile,outfield,39,4539,10.0,2.0,0.0,17.905,26.157,-8.252,-0.144,-0.182,0.071,-0.083
VS Malik,outfield,13,1459,2.0,0.0,0.0,4.578,8.408,-3.83,-0.144,-0.263,0.0,-0.049
S Tyagi,outfield,14,1682,3.0,0.0,0.0,5.492,9.693,-4.201,-0.146,-0.25,0.082,0.025
P Nissanka,outfield,10,1190,2.0,0.0,0.0,3.324,6.858,-3.533,-0.148,-0.297,0.0,-0.04
DL Vettori,outfield,34,4126,11.0,4.0,0.0,15.862,23.777,-7.915,-0.149,-0.192,0.088,-0.052
R Sharma,outfield,44,5138,10.0,1.0,0.0,20.189,29.609,-9.42,-0.149,-0.183,0.068,-0.106
Basil Thampi,outfield,25,2972,4.0,1.0,0.0,10.849,17.127,-6.278,-0.15,-0.211,0.034,-0.066
KR Sen,outfield,12,1494,3.0,0.0,0.0,4.551,8.61,-4.058,-0.151,-0.272,0.0,-0.051
S Vidyut,outfield,9,1046,1.0,0.0,0.0,2.541,6.028,-3.487,-0.155,-0.333,0.002,-0.033
DW Steyn,outfield,95,11211,22.0,4.0,0.0,45.255,64.606,-19.351,-0.156,-0.173,0.361,-0.019
R Rampaul,outfield,12,1330,4.0,0.0,0.0,3.713,7.664,-3.951,-0.156,-0.297,0.0,-0.045
Harpreet Brar,outfield,51,5985,15.0,0.0,0.0,22.664,34.49,-11.827,-0.165,-0.198,0.147,-0.056
R Shepherd,outfield,33,3989,7.0,1.0,0.0,14.406,22.988,-8.582,-0.165,-0.215,0.138,0.003
HV Patel,outfield,122,14419,26.0,9.0,0.0,57.216,83.093,-25.877,-0.166,-0.179,0.453,-0.036
SM Curran,outfield,64,7810,24.0,1.0,0.0,30.008,45.007,-15.0,-0.166,-0.192,0.282,0.017
M Muralitharan,outfield,66,7921,14.0,3.0,0.0,30.449,45.647,-15.198,-0.167,-0.192,0.308,0.04
AD Nath,outfield,14,1692,2.0,0.0,0.0,4.904,9.751,-4.846,-0.168,-0.286,0.029,-0.028
Shivang Kumar,outfield,13,1598,0.0,2.0,0.0,4.456,9.209,-4.753,-0.17,-0.297,0.007,-0.047
PA Patel,keeper,139,16635,69.0,26.0,16.0,196.435,226.739,-30.304,-0.17,-0.182,1.668,0.448
AS Joseph,outfield,22,2626,3.0,2.0,0.0,8.621,15.133,-6.512,-0.17,-0.248,0.0,-0.089
Navdeep Saini,outfield,32,3797,8.0,0.0,0.0,13.297,21.881,-8.585,-0.172,-0.226,0.212,0.083
N Rana,outfield,127,15077,29.0,2.0,0.0,58.766,86.885,-28.119,-0.173,-0.187,0.307,-0.205
K Khejroliya,outfield,9,1007,1.0,0.0,0.0,1.974,5.803,-3.829,-0.174,-0.38,0.036,0.002
CJ Anderson,outfield,30,3529,11.0,0.0,0.0,12.129,20.337,-8.208,-0.174,-0.233,0.139,0.019
SM Katich,outfield,11,1331,2.0,2.0,0.0,3.269,7.67,-4.401,-0.174,-0.331,0.0,-0.045
MF Maharoof,outfield,20,2375,4.0,2.0,0.0,7.455,13.687,-6.232,-0.174,-0.262,0.029,-0.052
Kartik Sharma,outfield,11,1260,1.0,0.0,0.0,2.965,7.261,-4.296,-0.175,-0.341,0.0,-0.043
Atharva Taide,outfield,10,1255,5.0,0.0,0.0,2.883,7.232,-4.349,-0.177,-0.347,0.057,0.015
CA Pujara,outfield,30,3632,6.0,0.0,0.0,12.361,20.93,-8.57,-0.177,-0.236,0.146,0.023
SJ Srivastava,outfield,14,1672,2.0,0.0,0.0,4.489,9.635,-5.146,-0.179,-0.308,0.0,-0.057
KR Mayers,outfield,12,1485,2.0,0.0,0.0,3.745,8.558,-4.813,-0.179,-0.324,0.0,-0.05
PJ Sangwan,outfield,42,5006,8.0,3.0,0.0,17.646,28.848,-11.202,-0.181,-0.224,0.142,-0.028
JDS Neesham,outfield,14,1667,2.0,0.0,0.0,4.419,9.607,-5.188,-0.181,-0.311,0.059,0.002
JC Archer,outfield,68,8294,16.0,2.0,0.0,30.335,47.796,-17.461,-0.184,-0.211,0.128,-0.153
Noor Ahmad,outfield,51,5921,12.0,1.0,0.0,20.897,34.121,-13.224,-0.186,-0.223,0.122,-0.079
C Sakariya,outfield,20,2389,6.0,0.0,0.0,7.017,13.767,-6.751,-0.188,-0.283,0.007,-0.074
Swapnil Singh,outfield,14,1646,2.0,1.0,0.0,4.092,9.486,-5.394,-0.19,-0.328,0.033,-0.022
AD Mascarenhas,outfield,13,1563,2.0,0.0,0.0,3.722,9.007,-5.285,-0.191,-0.338,0.0,-0.053
A Nehra,outfield,88,10478,17.0,2.0,0.0,37.743,60.382,-22.64,-0.194,-0.216,0.198,-0.157
MN Samuels,outfield,15,1793,2.0,0.0,0.0,4.524,10.333,-5.809,-0.194,-0.324,0.0,-0.061
Mukesh Kumar,outfield,42,5188,7.0,4.0,0.0,17.46,29.897,-12.437,-0.195,-0.24,0.116,-0.06
P Kumar,outfield,119,13966,13.0,7.0,0.0,50.878,80.483,-29.605,-0.195,-0.212,0.215,-0.259
IC Pandey,outfield,25,2982,6.0,0.0,0.0,9.005,17.185,-8.18,-0.196,-0.274,0.117,0.015
BW Hilfenhaus,outfield,17,1995,1.0,1.0,0.0,5.231,11.497,-6.265,-0.196,-0.314,0.113,0.045
Vijaykumar Vyshak,outfield,26,3103,6.0,2.0,0.0,9.378,17.882,-8.504,-0.198,-0.274,0.027,-0.078
CH Gayle,outfield,140,16544,29.0,0.0,0.0,59.979,95.339,-35.36,-0.199,-0.214,0.281,-0.28
VRV Singh,outfield,19,2098,3.0,0.0,0.0,5.47,12.09,-6.62,-0.201,-0.316,0.006,-0.065
AM Nayar,outfield,60,7069,13.0,2.0,0.0,24.138,40.737,-16.599,-0.201,-0.235,0.307,0.067
JC Buttler,keeper,138,16681,88.0,8.0,4.0,191.19,227.366,-36.176,-0.202,-0.217,0.907,-0.316
S Sandeep Warrier,outfield,10,1121,1.0,0.0,0.0,1.726,6.46,-4.734,-0.204,-0.422,0.0,-0.038
B Akhil,outfield,15,1785,3.0,1.0,0.0,4.192,10.287,-6.095,-0.204,-0.341,0.019,-0.041
S Aravind,outfield,38,4464,5.0,1.0,0.0,14.022,25.725,-11.703,-0.207,-0.262,0.054,-0.098
Brijesh Sharma,outfield,13,1609,1.0,0.0,0.0,3.46,9.272,-5.812,-0.207,-0.361,0.0,-0.055
AB Agarkar,outfield,42,4787,4.0,3.0,0.0,15.133,27.586,-12.454,-0.208,-0.26,0.045,-0.118
CA Lynn,outfield,42,4974,12.0,0.0,0.0,15.759,28.664,-12.905,-0.209,-0.259,0.127,-0.042
RV Patel,outfield,9,1137,3.0,0.0,0.0,1.654,6.552,-4.899,-0.21,-0.431,0.015,-0.024
SV Samson,keeper,190,22720,90.0,26.0,19.0,259.527,309.679,-50.151,-0.21,-0.221,1.268,-0.397
C de Grandhomme,outfield,25,2955,6.0,1.0,0.0,8.314,17.029,-8.715,-0.21,-0.295,0.08,-0.02
M Markande,outfield,40,4908,8.0,0.0,0.0,15.444,28.284,-12.839,-0.21,-0.262,0.041,-0.126
MR Marsh,outfield,68,8260,15.0,1.0,0.0,27.682,47.6,-19.919,-0.211,-0.241,0.039,-0.241
SD Chitnis,outfield,11,1285,2.0,0.0,0.0,2.17,7.405,-5.236,-0.211,-0.407,0.036,-0.007
M Morkel,outfield,70,8350,11.0,4.0,0.0,27.455,48.119,-20.664,-0.216,-0.247,0.194,-0.09
G Coetzee,outfield,14,1716,3.0,0.0,0.0,3.562,9.889,-6.327,-0.217,-0.369,0.0,-0.058
PP Chawla,outfield,192,22816,36.0,10.0,0.0,79.212,131.483,-52.272,-0.218,-0.229,0.361,-0.413
PP Ojha,outfield,92,11081,14.0,3.0,0.0,37.049,63.857,-26.808,-0.218,-0.242,0.081,-0.295
TK Curran,outfield,13,1517,2.0,0.0,0.0,2.769,8.742,-5.973,-0.22,-0.394,0.006,-0.045
Washington Sundar,outfield,83,10005,20.0,1.0,0.0,33.017,57.657,-24.639,-0.22,-0.246,0.212,-0.127
I Sharma,outfield,117,13900,20.0,3.0,0.0,46.775,80.103,-33.328,-0.221,-0.24,0.183,-0.288
MJ Henry,outfield,9,1056,1.0,0.0,0.0,1.097,6.085,-4.989,-0.221,-0.472,0.008,-0.028
SP Narine,outfield,201,24056,29.0,6.0,0.0,82.572,138.629,-56.057,-0.222,-0.233,0.564,-0.252
CJ Ferguson,outfield,9,1020,2.0,0.0,0.0,0.937,5.878,-4.941,-0.223,-0.484,0.0,-0.034
A Nortje,outfield,49,6018,10.0,1.0,0.0,18.545,34.68,-16.135,-0.224,-0.268,0.084,-0.12
JM Bairstow,keeper,52,6338,29.0,3.0,4.0,69.444,86.388,-16.944,-0.225,-0.267,0.281,-0.184
AC Thomas,outfield,15,1733,3.0,1.0,0.0,3.378,9.987,-6.608,-0.225,-0.381,0.017,-0.042
Harpreet Singh,outfield,9,1091,3.0,0.0,0.0,1.118,6.287,-5.169,-0.226,-0.474,0.0,-0.037
TS Mills,outfield,10,1169,1.0,0.0,0.0,1.38,6.737,-5.357,-0.226,-0.458,0.0,-0.04
OC McCoy,outfield,8,1002,1.0,0.0,0.0,0.782,5.774,-4.993,-0.227,-0.498,0.0,-0.034
Harsh Dubey,outfield,11,1317,3.0,0.0,0.0,1.874,7.59,-5.715,-0.227,-0.434,0.024,-0.021
A Chandila,outfield,12,1452,2.0,0.0,0.0,2.32,8.368,-6.047,-0.228,-0.416,0.033,-0.016
Mohammed Shami,outfield,132,15602,22.0,10.0,0.0,51.468,89.911,-38.443,-0.229,-0.246,0.53,0.001
SL Malinga,outfield,122,14752,15.0,6.0,0.0,48.376,85.012,-36.637,-0.23,-0.248,0.465,-0.035
AM Ghazanfar,outfield,11,1277,1.0,0.0,0.0,1.655,7.359,-5.704,-0.23,-0.447,0.074,0.03
Harmeet Singh,outfield,28,3371,3.0,3.0,0.0,8.861,19.426,-10.565,-0.231,-0.313,0.018,-0.097
SE Rutherford,outfield,31,3758,7.0,0.0,0.0,10.196,21.656,-11.461,-0.231,-0.305,0.054,-0.074
SW Billings,keeper,30,3556,19.0,1.0,1.0,37.435,48.469,-11.034,-0.232,-0.31,0.2,-0.061
MP Stoinis,outfield,121,14390,26.0,4.0,0.0,46.737,82.926,-36.19,-0.232,-0.251,0.313,-0.176
P Awana,outfield,33,3998,4.0,1.0,0.0,10.969,23.04,-12.07,-0.232,-0.302,0.034,-0.101
Akash Singh,outfield,12,1494,2.0,0.0,0.0,2.335,8.61,-6.275,-0.233,-0.42,0.0,-0.051
PC Valthaty,outfield,23,2670,3.0,0.0,0.0,6.336,15.387,-9.051,-0.234,-0.339,0.0,-0.091
MS Gony,outfield,44,5222,4.0,2.0,0.0,15.02,30.093,-15.073,-0.235,-0.289,0.105,-0.072
AB Dinda,outfield,77,8880,7.0,5.0,0.0,27.506,51.173,-23.668,-0.235,-0.267,0.154,-0.147
E Lewis,outfield,27,3210,9.0,0.0,0.0,8.013,18.498,-10.486,-0.238,-0.327,0.116,0.007
DS Kulkarni,outfield,92,10883,18.0,2.0,0.0,33.979,62.716,-28.737,-0.238,-0.264,0.242,-0.127
Anureet Singh,outfield,23,2709,5.0,1.0,0.0,6.297,15.611,-9.314,-0.238,-0.344,0.129,0.037
Arshdeep Singh,outfield,96,11356,16.0,4.0,0.0,35.387,65.442,-30.055,-0.239,-0.265,0.321,-0.065
CM Gautam,keeper,13,1572,3.0,2.0,4.0,14.76,21.427,-6.667,-0.241,-0.424,0.136,0.021
BAW Mendis,outfield,10,1218,1.0,0.0,0.0,1.196,7.019,-5.823,-0.241,-0.478,0.0,-0.041
PP Shaw,outfield,79,9625,18.0,0.0,0.0,29.394,55.467,-26.072,-0.241,-0.271,0.202,-0.125
DB Das,outfield,31,3635,7.0,2.0,0.0,9.18,20.948,-11.768,-0.243,-0.324,0.014,-0.109
AS Rajpoot,outfield,29,3429,3.0,1.0,0.0,8.479,19.761,-11.282,-0.244,-0.329,0.05,-0.066
YS Chahal,outfield,187,22179,31.0,5.0,0.0,70.825,127.812,-56.987,-0.244,-0.257,0.483,-0.27
J Syed Mohammad,outfield,11,1370,1.0,2.0,0.0,1.625,7.895,-6.27,-0.244,-0.458,0.044,-0.002
LH Ferguson,outfield,52,6294,9.0,4.0,0.0,17.836,36.271,-18.435,-0.246,-0.293,0.118,-0.096
HF Gurney,outfield,8,913,0.0,0.0,0.0,0.0,5.261,-5.261,-0.249,-0.576,0.0,-0.031
CA Ingram,outfield,14,1718,1.0,0.0,0.0,2.62,9.9,-7.28,-0.249,-0.424,0.0,-0.058
J Overton,outfield,13,1523,1.0,0.0,0.0,1.936,8.777,-6.841,-0.251,-0.449,0.035,-0.016
Misbah-ul-Haq,outfield,8,928,1.0,0.0,0.0,0.0,5.348,-5.348,-0.251,-0.576,0.0,-0.031
P Parameswaran,outfield,8,931,0.0,0.0,0.0,0.0,5.365,-5.365,-0.252,-0.576,0.0,-0.032
N Jagadeesan,outfield,13,1534,1.0,0.0,0.0,1.936,8.84,-6.904,-0.253,-0.45,0.0,-0.052
IS Sodhi,outfield,8,945,0.0,0.0,0.0,0.0,5.446,-5.446,-0.254,-0.576,0.0,-0.032
JP Behrendorff,outfield,17,2048,2.0,0.0,0.0,3.508,11.802,-8.294,-0.255,-0.405,0.0,-0.069
SE Bond,outfield,8,964,0.0,0.0,0.0,0.0,5.555,-5.555,-0.257,-0.576,0.0,-0.033
Mohsin Khan,outfield,30,3665,4.0,0.0,0.0,8.612,21.121,-12.509,-0.257,-0.341,0.097,-0.027
M Vohra,outfield,55,6507,13.0,1.0,0.0,17.679,37.498,-19.819,-0.257,-0.305,0.129,-0.092
JR Hazlewood,outfield,52,6023,8.0,0.0,0.0,16.065,34.709,-18.644,-0.258,-0.31,0.072,-0.133
Mohammad Asif,outfield,8,986,0.0,0.0,0.0,0.0,5.682,-5.682,-0.26,-0.576,0.0,-0.033
KC Cariappa,outfield,11,1295,2.0,0.0,0.0,0.954,7.463,-6.509,-0.261,-0.503,0.008,-0.036
Jaskaran Singh,outfield,8,998,0.0,0.0,0.0,0.0,5.751,-5.751,-0.262,-0.576,0.0,-0.034
Yash Raj Punja,outfield,8,1005,0.0,0.0,0.0,0.0,5.792,-5.792,-0.263,-0.576,0.0,-0.034
L Balaji,outfield,73,8724,9.0,4.0,0.0,24.083,50.274,-26.192,-0.264,-0.3,0.074,-0.222
Yash Thakur,outfield,22,2635,2.0,1.0,0.0,4.981,15.185,-10.204,-0.266,-0.387,0.0,-0.089
JL Pattinson,outfield,10,1202,2.0,0.0,0.0,0.483,6.927,-6.444,-0.268,-0.536,0.016,-0.025
Sakib Hussain,outfield,11,1386,1.0,0.0,0.0,0.952,7.987,-7.035,-0.272,-0.508,0.024,-0.023
DP Vijaykumar,outfield,9,1084,0.0,0.0,0.0,0.0,6.247,-6.247,-0.274,-0.576,0.0,-0.037
B Chipli,outfield,23,2761,4.0,0.0,0.0,5.075,15.911,-10.836,-0.274,-0.392,0.027,-0.066
V Pratap Singh,outfield,9,1092,0.0,0.0,0.0,0.0,6.293,-6.293,-0.275,-0.576,0.0,-0.037
Ashutosh Sharma,outfield,31,3791,6.0,0.0,0.0,8.14,21.847,-13.707,-0.275,-0.362,0.02,-0.108
A Kumble,outfield,42,5020,9.0,0.0,0.0,11.841,28.929,-17.088,-0.275,-0.34,0.066,-0.104
Fazalhaq Farooqi,outfield,12,1472,1.0,0.0,0.0,1.098,8.483,-7.385,-0.276,-0.502,0.0,-0.05
V Suryavanshi,outfield,23,2823,2.0,0.0,0.0,5.096,16.268,-11.172,-0.278,-0.396,0.013,-0.082
WPUJC Vaas,outfield,13,1524,0.0,1.0,0.0,1.159,8.782,-7.624,-0.28,-0.5,0.004,-0.048
TU Deshpande,outfield,53,6534,10.0,1.0,0.0,15.979,37.654,-21.675,-0.28,-0.332,0.182,-0.04
Yudhvir Singh,outfield,9,1137,0.0,0.0,0.0,0.0,6.552,-6.552,-0.28,-0.576,0.0,-0.039
S Kaushik,outfield,10,1147,0.0,0.0,0.0,0.0,6.61,-6.61,-0.282,-0.576,0.0,-0.039
Avesh Khan,outfield,82,9998,13.0,2.0,0.0,25.82,57.616,-31.796,-0.284,-0.318,0.165,-0.174
YA Abdulla,outfield,11,1187,0.0,0.0,0.0,0.0,6.84,-6.84,-0.287,-0.576,0.0,-0.04
S Kaul,outfield,55,6477,8.0,0.0,0.0,15.223,37.325,-22.102,-0.288,-0.341,0.137,-0.082
Mustafizur Rahman,outfield,60,7201,5.0,0.0,0.0,17.3,41.498,-24.197,-0.288,-0.336,0.092,-0.152
T Natarajan,outfield,73,8697,10.0,4.0,0.0,21.484,50.119,-28.635,-0.289,-0.329,0.048,-0.247
AB McDonald,outfield,10,1212,0.0,0.0,0.0,0.0,6.984,-6.984,-0.29,-0.576,0.0,-0.041
PVD Chameera,outfield,20,2290,3.0,1.0,0.0,3.027,13.197,-10.17,-0.291,-0.444,0.084,0.006
FH Allen,outfield,10,1248,1.0,0.0,0.0,0.048,7.192,-7.144,-0.292,-0.572,0.0,-0.042
Imran Tahir,outfield,59,6922,8.0,0.0,0.0,15.912,39.89,-23.978,-0.295,-0.346,0.211,-0.024
GD McGrath,outfield,14,1660,2.0,0.0,0.0,1.093,9.566,-8.474,-0.296,-0.51,0.0,-0.056
Umran Malik,outfield,26,3150,4.0,2.0,0.0,5.228,18.153,-12.925,-0.297,-0.41,0.003,-0.104
Mujeeb Ur Rahman,outfield,20,2491,2.0,0.0,0.0,3.364,14.355,-10.992,-0.298,-0.441,0.037,-0.048
M Ashwin,outfield,44,5205,7.0,0.0,0.0,10.829,29.995,-19.166,-0.299,-0.368,0.01,-0.167
NT Ellis,outfield,17,1989,2.0,0.0,0.0,1.831,11.462,-9.631,-0.302,-0.484,0.0,-0.067
Rasikh Salam,outfield,25,3076,5.0,0.0,0.0,4.769,17.726,-12.957,-0.303,-0.421,0.015,-0.089
VR Aaron,outfield,50,5862,3.0,2.0,0.0,12.189,33.781,-21.592,-0.306,-0.368,0.0,-0.199
M Theekshana,outfield,38,4677,4.0,2.0,0.0,8.903,26.952,-18.05,-0.307,-0.386,0.062,-0.097
RS Bopara,outfield,24,2753,4.0,0.0,0.0,3.513,15.865,-12.352,-0.312,-0.449,0.036,-0.057
Pankaj Singh,outfield,17,2043,2.0,0.0,0.0,1.543,11.773,-10.23,-0.315,-0.501,0.053,-0.016
KA Jamieson,outfield,15,1658,2.0,0.0,0.0,0.527,9.555,-9.027,-0.316,-0.544,0.0,-0.056
RP Meredith,outfield,18,2189,2.0,0.0,0.0,1.876,12.615,-10.738,-0.317,-0.491,0.0,-0.074
JJ Bumrah,outfield,158,19045,15.0,4.0,0.0,45.043,109.752,-64.709,-0.32,-0.34,0.429,-0.217
DL Chahar,outfield,103,12459,14.0,1.0,0.0,27.879,71.798,-43.919,-0.322,-0.353,0.138,-0.285
AL Menaria,outfield,29,3382,4.0,0.0,0.0,4.693,19.49,-14.797,-0.323,-0.438,0.016,-0.099
TM Head,outfield,53,6252,6.0,0.0,0.0,11.618,36.029,-24.411,-0.328,-0.39,0.171,-0.041
Akash Madhwal,outfield,17,2071,1.0,1.0,0.0,1.218,11.935,-10.717,-0.328,-0.517,0.0,-0.07
JR Hopes,outfield,20,2392,5.0,0.0,0.0,1.968,13.785,-11.817,-0.329,-0.494,0.053,-0.029
Ankit Sharma,outfield,22,2655,4.0,0.0,0.0,2.464,15.3,-12.836,-0.333,-0.483,0.0,-0.09
Suyash Sharma,outfield,39,4612,2.0,1.0,0.0,7.154,26.578,-19.424,-0.334,-0.421,0.055,-0.101
A Singh,outfield,23,2746,1.0,0.0,0.0,2.62,15.825,-13.204,-0.335,-0.481,0.062,-0.031
A Zampa,outfield,22,2555,1.0,0.0,0.0,2.155,14.724,-12.569,-0.335,-0.492,0.069,-0.018
S Sreesanth,outfield,44,5240,3.0,0.0,0.0,8.64,30.197,-21.557,-0.335,-0.411,0.0,-0.178
Kuldeep Yadav,outfield,110,13170,14.0,3.0,0.0,27.674,75.896,-48.221,-0.336,-0.366,0.215,-0.231
Kartik Tyagi,outfield,33,4098,6.0,1.0,0.0,5.754,23.616,-17.862,-0.337,-0.436,0.078,-0.061
Sandeep Sharma,outfield,142,17014,19.0,5.0,0.0,36.557,98.048,-61.49,-0.338,-0.361,0.193,-0.384
MD Mishra,outfield,18,2194,1.0,0.0,0.0,0.997,12.644,-11.646,-0.343,-0.531,0.0,-0.074
KL Rahul,keeper,159,18850,83.0,10.0,8.0,187.519,256.93,-69.411,-0.346,-0.368,1.257,-0.125
L Ngidi,outfield,28,3416,1.0,1.0,0.0,3.558,19.686,-16.127,-0.349,-0.472,0.003,-0.113
S Sohal,outfield,22,2646,2.0,0.0,0.0,1.738,15.248,-13.511,-0.351,-0.511,0.0,-0.09
HM Amla,outfield,16,1887,0.0,0.0,0.0,0.0,10.874,-10.874,-0.352,-0.576,0.0,-0.064
K Kartikeya,outfield,16,1965,1.0,0.0,0.0,0.158,11.324,-11.166,-0.353,-0.568,0.0,-0.067
SB Dubey,outfield,20,2492,1.0,1.0,0.0,1.201,14.361,-13.16,-0.356,-0.528,0.0,-0.085
BA Bhatt,outfield,17,1950,0.0,0.0,0.0,0.0,11.237,-11.237,-0.357,-0.576,0.0,-0.066
PV Tambe,outfield,33,3964,1.0,0.0,0.0,4.059,22.844,-18.785,-0.364,-0.474,0.007,-0.127
Azmatullah Omarzai,outfield,19,2165,0.0,0.0,0.0,0.0,12.476,-12.476,-0.371,-0.576,0.0,-0.073
KS Bharat,keeper,10,1168,5.0,0.0,1.0,6.359,15.92,-9.561,-0.404,-0.819,0.073,-0.013
MJ McClenaghan,outfield,56,6797,1.0,1.0,0.0,6.51,39.17,-32.659,-0.408,-0.48,0.004,-0.226
S Gopal,outfield,52,6021,5.0,0.0,0.0,4.136,34.698,-30.561,-0.423,-0.508,0.046,-0.159
KK Ahmed,outfield,76,9209,5.0,2.0,0.0,6.778,53.069,-46.292,-0.445,-0.503,0.044,-0.268
AT Rayudu,keeper,204,24658,64.0,14.0,2.0,219.785,336.094,-116.308,-0.45,-0.472,0.99,-0.817
BB McCullum,keeper,109,12886,38.0,14.0,6.0,111.291,175.639,-64.348,-0.457,-0.499,0.862,-0.082
N Pooran,keeper,103,12425,45.0,6.0,4.0,104.936,169.355,-64.42,-0.473,-0.518,0.46,-0.451
AP Tare,keeper,35,4170,3.0,0.0,6.0,30.686,56.838,-26.152,-0.487,-0.627,0.076,-0.23
KM Jadhav,keeper,95,11017,31.0,7.0,7.0,90.211,150.164,-59.953,-0.491,-0.544,0.533,-0.275
T Stubbs,keeper,46,5453,24.0,1.0,1.0,41.383,74.326,-32.943,-0.495,-0.604,0.109,-0.291
Gurkeerat Singh,keeper,41,4697,19.0,1.0,1.0,30.322,64.021,-33.699,-0.571,-0.717,0.119,-0.225
A Raghuvanshi,keeper,34,4064,11.0,1.0,1.0,22.836,55.393,-32.557,-0.618,-0.801,0.235,-0.063
P Simran Singh,keeper,65,7680,13.0,1.0,2.0,27.832,104.68,-76.848,-0.865,-1.001,0.119,-0.444
