fielder,role,innings_fielded,balls_in_field,keeper_balls,outfield_balls,unknown_balls,keeper_share,catches,run_outs,stumpings,runs_saved,expected_runs_saved,fraa,fraa_per_100,fraa_per_100_raw,wpa,wpaa,rank
YV Takawale,keeper,16,1864.0,1541.0,323.0,0.0,0.827,13.0,5.0,4.0,63.678,29.227,34.45,1.124,1.848,0.185,0.027,1
Anuj Rawat,outfield,24,2685.75,0.0,2561.75,124.0,0.0,18.0,2.0,0.0,52.728,16.558,36.17,0.931,1.347,0.462,0.365,2
SS Prabhudessai,outfield,10,1127.5,0.0,1127.5,0.0,0.0,10.0,3.0,0.0,25.32,6.953,18.366,0.789,1.629,0.22,0.179,3
Sohail Tanvir,outfield,11,1307.0,0.0,1307.0,0.0,0.0,4.0,3.0,0.0,26.316,8.06,18.256,0.728,1.397,0.143,0.096,4
SP Jackson,keeper,9,1079.0,592.0,247.0,240.0,0.549,7.0,2.0,2.0,29.337,13.455,15.882,0.697,1.472,0.195,0.121,5
HH Gibbs,outfield,36,4396.0,0.0,4396.0,0.0,0.0,22.0,5.0,0.0,65.733,27.111,38.622,0.69,0.879,0.241,0.082,6
Rahmanullah Gurbaz,keeper,18,1991.833,1183.417,808.417,0.0,0.594,17.0,1.0,0.0,47.65,25.901,21.749,0.681,1.092,0.115,-0.026,7
AA Jhunjhunwala,outfield,21,2493.0,0.0,2493.0,0.0,0.0,10.0,4.0,0.0,40.046,15.375,24.672,0.668,0.99,0.173,0.082,8
XC Bartlett,outfield,13,1343.167,0.0,1343.167,0.0,0.0,15.0,0.0,0.0,24.187,8.283,15.903,0.625,1.184,0.3,0.251,9
A Manohar,outfield,26,2892.0,0.0,2775.583,116.417,0.0,17.0,2.0,0.0,43.361,17.83,25.531,0.624,0.883,0.32,0.215,10
C Green,outfield,42,4801.288,0.0,4801.288,0.0,0.0,18.0,3.0,0.0,64.918,29.61,35.308,0.588,0.735,0.17,-0.003,11
N Saini,keeper,10,1226.0,1226.0,0.0,0.0,1.0,11.0,2.0,2.0,35.918,21.668,14.25,0.587,1.162,0.51,0.394,12
PD Salt,outfield,40,4424.333,1311.333,2994.75,118.25,0.296,32.0,6.0,0.0,73.781,42.369,31.412,0.559,0.71,0.354,0.117,13
GJ Bailey,outfield,40,4680.0,0.0,4680.0,0.0,0.0,12.0,6.0,0.0,59.796,28.862,30.934,0.526,0.661,0.454,0.285,14
LR Shukla,outfield,47,5309.0,0.0,4374.0,935.0,0.0,15.0,6.0,0.0,66.482,32.699,33.784,0.519,0.636,0.194,0.002,15
JP Inglis,outfield,16,1583.583,84.333,1499.25,0.0,0.053,10.0,0.0,1.0,24.919,10.737,14.182,0.509,0.896,0.055,-0.007,16
RD Rickelton,keeper,26,2893.41,2793.494,99.917,0.0,0.965,20.0,4.0,5.0,70.769,49.988,20.781,0.508,0.718,0.348,0.079,17
D Ferreira,outfield,18,2004.583,0.0,2004.583,0.0,0.0,16.0,0.0,0.0,28.575,12.362,16.213,0.506,0.809,0.111,0.039,18
M Rawat,keeper,18,2145.0,2021.0,124.0,0.0,0.942,16.0,9.0,2.0,52.847,36.483,16.363,0.489,0.763,0.279,0.083,19
Dhruv Jurel,outfield,54,6173.0,2396.917,3776.083,0.0,0.388,37.0,5.0,1.0,101.312,65.65,35.662,0.484,0.578,0.354,-0.01,20
SPD Smith,outfield,103,12416.0,0.0,12416.0,0.0,0.0,54.0,10.0,0.0,141.032,76.571,64.461,0.473,0.519,0.887,0.438,21
D Brevis,outfield,27,3059.833,0.0,3059.833,0.0,0.0,22.0,1.0,0.0,38.386,18.87,19.516,0.458,0.638,0.27,0.16,22
MW Short,outfield,9,961.167,0.0,961.167,0.0,0.0,7.0,0.0,0.0,15.671,5.928,9.744,0.451,1.014,0.069,0.034,23
RT Ponting,outfield,10,1177.0,0.0,1059.0,118.0,0.0,4.0,0.0,0.0,17.644,7.253,10.391,0.437,0.883,0.058,0.015,24
Anand Rajan,outfield,8,974.0,0.0,974.0,0.0,0.0,3.0,2.0,0.0,15.427,6.007,9.42,0.433,0.967,0.133,0.098,25
Naman Dhir,outfield,35,3880.468,0.0,3648.301,232.167,0.0,24.0,1.0,0.0,45.594,23.921,21.673,0.427,0.559,0.281,0.141,26
BCJ Cutting,outfield,21,2544.0,0.0,2544.0,0.0,0.0,10.0,2.0,0.0,31.56,15.689,15.871,0.424,0.624,0.212,0.12,27
Ramandeep Singh,outfield,36,4025.083,0.0,4025.083,0.0,0.0,21.0,2.0,0.0,46.649,24.823,21.826,0.418,0.542,0.206,0.06,28
J Fraser-McGurk,outfield,15,1731.833,0.0,1731.833,0.0,0.0,8.0,1.0,0.0,22.838,10.68,12.158,0.415,0.702,0.016,-0.046,29
Lalit Yadav,outfield,27,3261.75,0.0,3036.25,225.5,0.0,18.0,2.0,0.0,38.242,20.105,18.137,0.407,0.556,0.091,-0.027,30
AC Gilchrist,keeper,80,9519.0,7850.0,1061.0,608.0,0.825,51.0,20.0,16.0,192.456,149.004,43.453,0.405,0.456,1.066,0.26,31
TH David,outfield,65,7351.712,0.0,7351.712,0.0,0.0,32.0,4.0,0.0,79.826,45.339,34.487,0.403,0.469,0.25,-0.015,32
DJ Bravo,outfield,160,19125.0,0.0,18674.0,451.0,0.0,69.0,14.0,0.0,198.381,117.925,80.455,0.396,0.421,0.972,0.281,33
Tilak Varma,outfield,68,7721.763,0.0,7489.596,232.167,0.0,44.0,4.0,0.0,82.308,47.61,34.697,0.389,0.449,0.393,0.114,34
AUK Pathan,outfield,8,981.0,0.0,981.0,0.0,0.0,2.0,1.0,0.0,14.492,6.05,8.442,0.387,0.861,0.0,-0.035,35
MV Boucher,outfield,31,3672.0,1038.0,2184.0,450.0,0.283,14.0,7.0,3.0,53.354,34.569,18.785,0.386,0.512,0.381,0.188,36
GD Phillips,outfield,14,1572.417,0.0,1460.583,111.833,0.0,11.0,0.0,0.0,20.163,9.692,10.471,0.378,0.666,0.059,0.002,37
MA Starc,outfield,56,6226.333,0.0,6226.333,0.0,0.0,30.0,4.0,0.0,65.946,38.398,27.548,0.371,0.442,0.347,0.122,38
JM Sharma,keeper,70,7897.083,7897.083,0.0,0.0,1.0,59.0,9.0,7.0,172.933,139.571,33.363,0.367,0.422,0.585,-0.164,39
S Ladda,outfield,9,1097.0,0.0,972.0,125.0,0.0,1.0,2.0,0.0,15.086,6.76,8.327,0.363,0.759,0.0,-0.04,40
Nithish Kumar Reddy,outfield,42,4609.417,0.0,4609.417,0.0,0.0,22.0,2.0,0.0,49.37,28.427,20.944,0.361,0.454,0.175,0.009,41
C Bosch,outfield,9,1024.244,0.0,1024.244,0.0,0.0,6.0,1.0,0.0,14.0,6.317,7.683,0.345,0.75,0.037,0.0,42
MJ Guptill,outfield,13,1493.0,0.0,1266.0,227.0,0.0,7.0,0.0,0.0,18.441,9.197,9.244,0.343,0.619,0.196,0.142,43
KC Sangakkara,keeper,71,8405.0,4812.0,3360.0,233.0,0.573,45.0,11.0,9.0,139.939,107.194,32.746,0.341,0.39,1.169,0.583,44
SO Hetmyer,outfield,93,11030.75,0.0,11030.75,0.0,0.0,50.0,5.0,0.0,108.904,68.028,40.876,0.334,0.371,0.551,0.152,45
DT Christian,outfield,49,5937.0,0.0,5937.0,0.0,0.0,28.0,4.0,0.0,60.351,36.614,23.736,0.333,0.4,0.394,0.179,46
A Mithun,outfield,16,1938.0,0.0,1938.0,0.0,0.0,7.0,1.0,0.0,22.274,11.952,10.323,0.329,0.533,0.038,-0.032,47
BA Stokes,outfield,45,5322.5,0.0,5322.5,0.0,0.0,23.0,2.0,0.0,53.936,32.824,21.112,0.324,0.397,0.358,0.166,48
CL White,outfield,47,5598.0,0.0,5354.0,244.0,0.0,22.0,4.0,0.0,56.364,34.512,21.852,0.321,0.39,0.487,0.285,49
Kamran Khan,outfield,9,1073.0,0.0,1073.0,0.0,0.0,4.0,2.0,0.0,13.769,6.617,7.152,0.315,0.667,0.095,0.056,50
V Kohli,outfield,281,32885.833,0.0,32517.833,368.0,0.0,126.0,20.0,0.0,307.949,202.794,105.155,0.309,0.32,1.375,0.186,51
SS Iyer,outfield,146,16729.0,0.0,15993.0,736.0,0.0,64.0,9.0,0.0,158.0,103.136,54.864,0.306,0.328,0.723,0.118,52
D Padikkal,outfield,89,10391.5,0.0,10391.5,0.0,0.0,42.0,3.0,0.0,99.553,64.085,35.468,0.306,0.341,0.752,0.377,53
DJ Mitchell,outfield,15,1742.917,0.0,1742.917,0.0,0.0,11.0,0.0,0.0,19.541,10.749,8.793,0.299,0.504,0.122,0.059,54
MD Shanaka,outfield,9,1057.083,0.0,1057.083,0.0,0.0,4.0,0.0,0.0,13.18,6.519,6.661,0.295,0.63,0.085,0.047,55
DR Sams,outfield,16,1933.0,0.0,1933.0,0.0,0.0,11.0,0.0,0.0,21.159,11.921,9.238,0.295,0.478,0.148,0.078,56
MJ Santner,outfield,35,4069.641,0.0,3714.474,355.167,0.0,14.0,3.0,0.0,40.615,25.082,15.533,0.295,0.382,0.573,0.426,57
V Nigam,outfield,18,2036.75,0.0,2036.75,0.0,0.0,3.0,2.0,0.0,21.984,12.561,9.424,0.291,0.463,0.0,-0.074,58
MK Pandey,outfield,179,21377.91,0.0,19946.16,1431.75,0.0,89.0,13.0,0.0,197.294,131.775,65.52,0.29,0.306,1.506,0.734,59
KA Pollard,outfield,189,22855.0,0.0,22305.0,550.0,0.0,97.0,13.0,0.0,210.649,140.924,69.725,0.29,0.305,1.603,0.776,60
F du Plessis,outfield,153,17950.25,0.0,17722.25,228.0,0.0,86.0,5.0,0.0,166.157,110.691,55.466,0.29,0.309,1.05,0.401,61
Urvil Patel,outfield,10,1091.833,0.0,1091.833,0.0,0.0,8.0,0.0,0.0,13.185,6.733,6.451,0.281,0.591,0.05,0.01,62
J Theron,outfield,10,1224.0,0.0,1224.0,0.0,0.0,1.0,3.0,0.0,14.368,7.549,6.82,0.281,0.557,0.017,-0.028,63
SP Goswami,keeper,31,3720.0,2514.0,244.0,962.0,0.676,18.0,8.0,7.0,65.471,51.825,13.646,0.277,0.367,0.322,0.04,64
AB de Villiers,outfield,182,21597.0,6883.0,14586.0,128.0,0.319,120.0,20.0,8.0,274.751,212.385,62.366,0.274,0.289,1.784,0.599,65
J Suchith,outfield,22,2654.0,0.0,2654.0,0.0,0.0,17.0,3.0,0.0,26.788,16.368,10.42,0.27,0.393,0.271,0.175,66
C Connolly,outfield,14,1555.5,0.0,1555.5,0.0,0.0,4.0,1.0,0.0,16.92,9.593,7.327,0.266,0.471,0.041,-0.015,67
SK Raina,outfield,204,24320.0,1908.0,22185.0,227.0,0.078,106.0,13.0,0.0,239.212,171.928,67.284,0.264,0.277,1.163,0.172,68
FY Fazal,outfield,12,1357.0,0.0,1268.0,89.0,0.0,7.0,2.0,0.0,15.051,8.365,6.686,0.261,0.493,0.136,0.087,69
K Goel,outfield,22,2544.0,0.0,2420.0,124.0,0.0,9.0,1.0,0.0,25.312,15.683,9.628,0.257,0.378,0.051,-0.04,70
Sikandar Raza,outfield,9,1012.833,0.0,1012.833,0.0,0.0,5.0,0.0,0.0,11.911,6.246,5.664,0.256,0.559,0.195,0.158,71
DPMD Jayawardene,outfield,80,9378.0,0.0,9008.0,370.0,0.0,32.0,8.0,0.0,84.672,57.818,26.854,0.254,0.286,0.471,0.132,72
SR Tendulkar,outfield,78,9392.0,0.0,9392.0,0.0,0.0,23.0,3.0,0.0,84.597,57.921,26.676,0.252,0.284,0.252,-0.088,73
JP Faulkner,outfield,60,7228.0,0.0,7228.0,0.0,0.0,16.0,8.0,0.0,65.41,44.576,20.834,0.247,0.288,0.229,-0.032,74
AK Markram,outfield,69,7945.083,0.0,7852.5,92.583,0.0,39.0,0.0,0.0,70.917,48.994,21.923,0.24,0.276,0.304,0.017,75
KP Appanna,outfield,13,1601.0,0.0,1601.0,0.0,0.0,3.0,3.0,0.0,16.541,9.874,6.668,0.238,0.416,0.003,-0.055,76
R Sathish,outfield,34,4066.0,0.0,3581.0,485.0,0.0,8.0,7.0,0.0,37.377,25.053,12.324,0.234,0.303,0.22,0.073,77
DA Miller,outfield,152,17716.167,0.0,16748.167,968.0,0.0,92.0,8.0,0.0,153.07,109.213,43.857,0.232,0.248,0.903,0.263,78
R Powell,outfield,37,4393.577,0.0,4168.077,225.5,0.0,26.0,0.0,0.0,39.822,27.085,12.737,0.228,0.29,0.107,-0.052,79
JO Holder,outfield,57,6620.0,0.0,6371.0,249.0,0.0,22.0,3.0,0.0,58.562,40.815,17.747,0.227,0.268,0.356,0.117,80
M Jansen,outfield,48,5367.833,0.0,5367.833,0.0,0.0,26.0,0.0,0.0,47.871,33.104,14.767,0.225,0.275,0.334,0.14,81
R Dhawan,outfield,38,4506.167,0.0,4394.167,112.0,0.0,13.0,3.0,0.0,40.504,27.785,12.719,0.223,0.282,0.196,0.034,82
PD Collingwood,outfield,8,967.0,0.0,967.0,0.0,0.0,3.0,0.0,0.0,10.702,5.964,4.738,0.219,0.49,0.024,-0.011,83
M Ntini,outfield,9,1064.0,0.0,1064.0,0.0,0.0,1.0,2.0,0.0,11.481,6.562,4.919,0.217,0.462,0.096,0.058,84
E Malinga,outfield,22,2466.25,0.0,2466.25,0.0,0.0,5.0,4.0,0.0,23.007,15.21,7.797,0.213,0.316,0.184,0.095,85
Y Nagar,outfield,25,2963.0,0.0,2963.0,0.0,0.0,7.0,4.0,0.0,27.098,18.273,8.825,0.212,0.298,0.167,0.06,86
S Anirudha,outfield,20,2367.0,0.0,2367.0,0.0,0.0,11.0,2.0,0.0,22.117,14.598,7.52,0.211,0.318,0.302,0.216,87
WA Mota,outfield,12,1435.0,0.0,1435.0,0.0,0.0,5.0,1.0,0.0,14.382,8.85,5.532,0.21,0.385,0.095,0.043,88
Aniket Verma,outfield,23,2486.5,0.0,2486.5,0.0,0.0,11.0,1.0,0.0,23.047,15.335,7.713,0.209,0.31,0.148,0.058,89
Prince Yadav,outfield,20,2208.75,0.0,2208.75,0.0,0.0,5.0,2.0,0.0,20.74,13.622,7.118,0.209,0.322,0.003,-0.077,90
MS Wade,keeper,13,1547.417,725.0,706.0,116.417,0.469,8.0,1.0,1.0,23.584,17.88,5.703,0.208,0.369,0.043,-0.055,91
KS Williamson,outfield,78,9374.667,0.0,8301.75,1072.917,0.0,40.0,1.0,0.0,79.4,57.766,21.634,0.205,0.231,0.34,0.002,92
KL Nagarkoti,outfield,12,1471.0,0.0,1471.0,0.0,0.0,9.0,0.0,0.0,14.484,9.072,5.412,0.203,0.368,0.153,0.1,93
RG Sharma,outfield,281,33481.538,0.0,32699.372,782.167,0.0,101.0,11.0,0.0,276.615,206.449,70.166,0.202,0.21,1.054,-0.156,94
Q de Kock,keeper,118,13681.558,10200.724,3480.833,0.0,0.746,75.0,12.0,17.0,231.531,201.751,29.78,0.2,0.218,1.101,0.007,95
HR Shokeen,outfield,13,1493.333,0.0,1493.333,0.0,0.0,5.0,1.0,0.0,14.567,9.21,5.358,0.199,0.359,0.087,0.033,96
JC Buttler,outfield,138,16285.333,4925.083,10935.25,425.0,0.302,88.0,8.0,4.0,191.19,157.085,34.105,0.195,0.209,0.907,0.029,97
AF Milne,outfield,11,1311.75,0.0,1311.75,0.0,0.0,7.0,0.0,0.0,12.892,8.09,4.802,0.191,0.366,0.147,0.099,98
DA Warner,outfield,183,21737.583,1612.0,18926.833,1198.75,0.074,88.0,9.0,0.0,195.501,152.552,42.949,0.187,0.198,1.333,0.453,99
DJ Hussey,outfield,64,7430.0,0.0,6949.0,481.0,0.0,25.0,5.0,0.0,61.87,45.8,16.07,0.186,0.216,0.392,0.123,100
BJ Hodge,outfield,66,7870.0,0.0,7164.0,706.0,0.0,22.0,5.0,0.0,65.366,48.503,16.863,0.186,0.214,0.345,0.061,101
AC Voges,outfield,9,1066.0,0.0,1066.0,0.0,0.0,1.0,3.0,0.0,10.719,6.574,4.145,0.183,0.389,0.21,0.171,102
RP Singh,outfield,82,9788.0,0.0,9788.0,0.0,0.0,27.0,8.0,0.0,80.391,60.364,20.027,0.182,0.205,0.262,-0.092,103
CR Brathwaite,outfield,16,1887.0,0.0,1532.0,355.0,0.0,6.0,1.0,0.0,17.193,11.621,5.571,0.18,0.295,0.033,-0.035,104
MK Tiwary,outfield,98,11704.0,0.0,10657.0,1047.0,0.0,47.0,3.0,0.0,95.266,72.132,23.134,0.179,0.198,0.691,0.268,105
NK Patel,outfield,9,1114.0,0.0,1114.0,0.0,0.0,6.0,0.0,0.0,11.01,6.87,4.14,0.179,0.372,0.041,0.0,106
S Dhawan,outfield,222,26346.333,0.0,24323.333,2023.0,0.0,100.0,2.0,0.0,211.593,162.389,49.204,0.179,0.187,1.463,0.511,107
Bipul Sharma,outfield,33,3693.0,0.0,3576.0,117.0,0.0,7.0,3.0,0.0,31.489,22.77,8.719,0.178,0.236,0.211,0.078,108
Ravi Bishnoi,outfield,85,9845.737,0.0,9736.737,109.0,0.0,27.0,4.0,0.0,80.07,60.715,19.355,0.175,0.197,0.485,0.129,109
HH Pandya,outfield,161,18978.135,0.0,18417.968,560.167,0.0,68.0,7.0,0.0,152.265,117.015,35.25,0.175,0.186,1.138,0.452,110
RE van der Merwe,outfield,21,2403.0,0.0,2403.0,0.0,0.0,6.0,2.0,0.0,20.996,14.82,6.177,0.171,0.257,0.278,0.191,111
Mohammad Nabi,outfield,24,2865.667,0.0,2865.667,0.0,0.0,18.0,2.0,0.0,24.637,17.673,6.964,0.171,0.243,0.324,0.221,112
AT Rayudu,outfield,203,24393.5,2283.0,21444.5,666.0,0.094,64.0,14.0,2.0,219.785,176.677,43.109,0.168,0.177,0.99,-0.026,113
D Wiese,outfield,17,1829.417,0.0,1604.833,224.583,0.0,8.0,0.0,0.0,16.356,11.272,5.084,0.168,0.278,0.125,0.059,114
Zeeshan Ansari,outfield,10,1063.333,0.0,1063.333,0.0,0.0,3.0,1.0,0.0,10.331,6.558,3.774,0.167,0.355,0.05,0.012,115
N Burger,outfield,18,2020.333,0.0,2020.333,0.0,0.0,5.0,0.0,0.0,17.735,12.46,5.275,0.164,0.261,0.072,-0.001,116
CJ Jordan,outfield,34,3948.295,0.0,3839.295,109.0,0.0,14.0,2.0,0.0,32.464,24.345,8.119,0.158,0.206,0.153,0.01,117
R Parag,outfield,97,11389.75,0.0,11389.75,0.0,0.0,49.0,3.0,0.0,89.912,70.242,19.671,0.156,0.173,0.561,0.149,118
AS Yadav,outfield,8,936.0,0.0,936.0,0.0,0.0,1.0,1.0,0.0,9.093,5.772,3.32,0.155,0.355,0.141,0.108,119
KK Cooper,outfield,25,3033.0,0.0,2907.0,126.0,0.0,11.0,4.0,0.0,25.26,18.699,6.56,0.155,0.216,0.149,0.039,120
KP Pietersen,outfield,36,4241.0,0.0,4241.0,0.0,0.0,12.0,2.0,0.0,34.48,26.155,8.325,0.153,0.196,0.097,-0.057,121
RA Jadeja,outfield,267,31551.25,0.0,31447.25,104.0,0.0,104.0,25.0,0.0,244.6,194.575,50.025,0.153,0.159,2.08,0.939,122
Sameer Rizvi,outfield,23,2483.75,0.0,2483.75,0.0,0.0,9.0,1.0,0.0,20.855,15.318,5.537,0.15,0.223,0.101,0.011,123
EJG Morgan,outfield,83,9796.0,0.0,8998.0,798.0,0.0,36.0,6.0,0.0,76.835,60.377,16.458,0.15,0.168,0.663,0.309,124
SW Billings,outfield,30,3556.0,736.0,2716.0,104.0,0.207,19.0,1.0,1.0,37.435,30.394,7.04,0.148,0.198,0.2,0.028,125
Harshit Rana,outfield,32,3511.75,0.0,3272.75,239.0,0.0,11.0,0.0,0.0,28.616,21.646,6.969,0.148,0.198,0.172,0.045,126
KK Nair,outfield,85,10068.917,0.0,10068.917,0.0,0.0,29.0,8.0,0.0,78.625,62.096,16.529,0.147,0.164,0.531,0.167,127
P Dogra,outfield,13,1488.0,0.0,1488.0,0.0,0.0,5.0,1.0,0.0,13.099,9.177,3.923,0.146,0.264,0.08,0.026,128
WG Jacks,outfield,28,3159.077,0.0,3159.077,0.0,0.0,11.0,1.0,0.0,25.843,19.482,6.361,0.146,0.201,0.155,0.041,129
JG Bethell,outfield,9,993.0,0.0,993.0,0.0,0.0,5.0,0.0,0.0,9.317,6.124,3.193,0.146,0.322,0.0,-0.036,130
LA Pomersbach,outfield,17,1981.0,0.0,1737.0,244.0,0.0,8.0,0.0,0.0,16.837,12.206,4.631,0.146,0.234,0.064,-0.008,131
RR Raje,outfield,10,1186.0,0.0,1186.0,0.0,0.0,3.0,1.0,0.0,10.769,7.314,3.455,0.145,0.291,0.134,0.091,132
NLTC Perera,outfield,37,4298.0,0.0,4065.0,233.0,0.0,13.0,6.0,0.0,34.335,26.496,7.839,0.143,0.182,0.183,0.027,133
AS Roy,outfield,24,2731.16,0.0,2371.244,359.917,0.0,16.0,2.0,0.0,22.334,16.827,5.507,0.14,0.202,0.06,-0.038,134
TL Suman,outfield,43,5190.0,0.0,5190.0,0.0,0.0,10.0,5.0,0.0,40.907,32.007,8.9,0.139,0.171,0.39,0.202,135
MS Dhoni,keeper,276,32662.75,30754.75,1908.0,0.0,0.942,158.0,53.0,47.0,602.347,555.317,47.031,0.139,0.144,3.31,0.321,136
M Manhas,outfield,55,6641.0,0.0,6641.0,0.0,0.0,20.0,2.0,0.0,51.83,40.956,10.874,0.139,0.164,0.206,-0.034,137
J Botha,outfield,34,4068.0,0.0,3709.0,359.0,0.0,16.0,3.0,0.0,31.995,25.071,6.923,0.131,0.17,0.194,0.047,138
K Gowtham,outfield,35,3998.917,0.0,3998.917,0.0,0.0,21.0,0.0,0.0,31.377,24.662,6.716,0.129,0.168,0.287,0.142,139
SB Jakati,outfield,59,6966.0,0.0,6966.0,0.0,0.0,19.0,4.0,0.0,53.307,42.96,10.347,0.127,0.149,0.452,0.2,140
LS Livingstone,outfield,50,5650.417,0.0,5431.417,219.0,0.0,25.0,0.0,0.0,43.412,34.837,8.575,0.125,0.152,0.325,0.121,141
S Randiv,outfield,8,923.0,0.0,923.0,0.0,0.0,2.0,1.0,0.0,8.327,5.692,2.635,0.124,0.285,0.159,0.126,142
KB Arun Karthik,keeper,17,2035.0,1459.0,576.0,0.0,0.717,12.0,4.0,2.0,33.323,29.338,3.985,0.123,0.196,0.428,0.269,143
AM Rahane,outfield,211,24670.827,0.0,23884.827,786.0,0.0,85.0,9.0,0.0,183.925,152.112,31.813,0.123,0.129,0.585,-0.307,144
RD Gaikwad,outfield,85,9890.583,0.0,9890.583,0.0,0.0,44.0,3.0,0.0,74.588,60.996,13.591,0.123,0.137,0.493,0.136,145
ST Jayasuriya,outfield,30,3541.0,0.0,3213.0,328.0,0.0,4.0,5.0,0.0,27.12,21.823,5.297,0.112,0.15,0.36,0.233,146
BB McCullum,outfield,109,12886.0,1415.0,10652.0,819.0,0.11,38.0,14.0,6.0,111.291,95.714,15.577,0.111,0.121,0.862,0.314,147
Shahid Afridi,outfield,10,1171.0,0.0,1171.0,0.0,0.0,4.0,0.0,0.0,9.68,7.222,2.458,0.104,0.21,0.03,-0.012,148
I Udana,outfield,10,1204.0,0.0,1204.0,0.0,0.0,3.0,0.0,0.0,9.9,7.425,2.475,0.103,0.206,0.029,-0.015,149
CH Morris,outfield,81,9515.0,0.0,9515.0,0.0,0.0,36.0,4.0,0.0,69.659,58.68,10.979,0.102,0.115,0.44,0.096,150
LMP Simmons,outfield,29,3490.0,0.0,3273.0,217.0,0.0,10.0,1.0,0.0,26.124,21.513,4.611,0.098,0.132,0.236,0.11,151
Shubman Gill,outfield,134,15472.917,0.0,15007.917,465.0,0.0,57.0,2.0,0.0,111.684,95.402,16.282,0.098,0.105,0.452,-0.107,152
SD Hope,outfield,9,1037.167,0.0,1037.167,0.0,0.0,6.0,1.0,0.0,8.549,6.396,2.153,0.096,0.208,0.105,0.067,153
P Negi,outfield,50,5865.0,0.0,5865.0,0.0,0.0,16.0,5.0,0.0,42.923,36.17,6.753,0.096,0.115,0.249,0.037,154
SB Bangar,outfield,12,1402.0,0.0,1276.0,126.0,0.0,2.0,2.0,0.0,11.115,8.641,2.475,0.095,0.177,0.068,0.017,155
SW Tait,outfield,21,2446.0,0.0,2233.0,213.0,0.0,5.0,1.0,0.0,18.463,15.075,3.388,0.093,0.139,0.207,0.119,156
RK Singh,outfield,70,7873.494,1758.833,5413.16,701.5,0.223,51.0,3.0,0.0,77.193,68.763,8.43,0.093,0.107,0.568,0.18,157
NV Ojha,keeper,112,13135.0,11399.0,1736.0,0.0,0.868,65.0,25.0,10.0,225.424,212.168,13.256,0.092,0.101,1.417,0.272,158
DJG Sammy,outfield,22,2625.0,0.0,2032.0,593.0,0.0,9.0,4.0,0.0,19.572,16.162,3.41,0.089,0.13,0.289,0.194,159
PJ Cummins,outfield,80,9175.25,0.0,9175.25,0.0,0.0,22.0,2.0,0.0,65.541,56.585,8.957,0.086,0.098,0.128,-0.204,160
LRPL Taylor,outfield,55,6609.0,0.0,6161.0,448.0,0.0,18.0,1.0,0.0,47.453,40.738,6.715,0.086,0.102,0.044,-0.195,161
Shashank Singh,outfield,53,5884.667,0.0,5884.667,0.0,0.0,18.0,1.0,0.0,42.277,36.291,5.986,0.084,0.102,0.117,-0.096,162
Shahbaz Ahmed,outfield,63,7277.667,0.0,7153.667,124.0,0.0,20.0,2.0,0.0,51.926,44.877,7.049,0.083,0.097,0.312,0.049,163
PK Garg,outfield,23,2758.917,0.0,2391.667,367.25,0.0,11.0,0.0,0.0,20.121,16.998,3.123,0.079,0.113,0.279,0.18,164
R Ravindra,outfield,18,2028.167,0.0,2028.167,0.0,0.0,10.0,1.0,0.0,15.011,12.508,2.503,0.078,0.123,0.032,-0.041,165
AR Patel,outfield,176,20630.5,0.0,19680.75,949.75,0.0,79.0,5.0,0.0,143.893,127.187,16.706,0.077,0.081,1.038,0.293,166
JP Duminy,outfield,83,9692.0,0.0,9692.0,0.0,0.0,30.0,3.0,0.0,67.876,59.772,8.105,0.074,0.084,0.528,0.177,167
VR Iyer,outfield,67,7559.167,0.0,7106.667,452.5,0.0,23.0,3.0,0.0,52.64,46.598,6.043,0.069,0.08,0.323,0.05,168
MG Johnson,outfield,54,6530.0,0.0,6281.0,249.0,0.0,15.0,4.0,0.0,45.483,40.26,5.223,0.068,0.08,0.283,0.047,169
BB Samantray,outfield,9,1077.0,0.0,1077.0,0.0,0.0,3.0,1.0,0.0,8.143,6.642,1.501,0.066,0.139,0.055,0.016,170
MC Henriques,outfield,62,7159.0,0.0,6952.0,207.0,0.0,29.0,1.0,0.0,49.521,44.141,5.38,0.064,0.075,0.386,0.127,171
MD Choudhary,outfield,10,1097.75,0.0,1097.75,0.0,0.0,3.0,0.0,0.0,8.2,6.77,1.43,0.062,0.13,0.042,0.002,172
WP Saha,keeper,169,19615.083,17709.083,1906.0,0.0,0.903,93.0,20.0,26.0,337.507,324.739,12.768,0.061,0.065,2.133,0.382,173
M Kartik,outfield,56,6696.0,0.0,6250.0,446.0,0.0,18.0,3.0,0.0,46.118,41.275,4.843,0.061,0.072,0.208,-0.034,174
S Arora,outfield,11,1230.667,0.0,1230.667,0.0,0.0,3.0,0.0,0.0,9.06,7.59,1.471,0.061,0.12,0.011,-0.034,175
JJ Roy,outfield,21,2392.583,0.0,2057.083,335.5,0.0,10.0,0.0,0.0,16.87,14.74,2.13,0.059,0.089,0.096,0.009,176
SA Asnodkar,outfield,20,2400.0,0.0,2400.0,0.0,0.0,6.0,1.0,0.0,16.848,14.801,2.047,0.057,0.085,0.037,-0.05,177
DS Rathi,outfield,23,2567.333,0.0,2567.333,0.0,0.0,7.0,0.0,0.0,17.91,15.833,2.077,0.055,0.081,0.169,0.076,178
MK Lomror,outfield,40,4474.167,0.0,4350.167,124.0,0.0,12.0,0.0,0.0,30.694,27.587,3.107,0.055,0.069,0.105,-0.056,179
R McLaren,outfield,18,2143.0,0.0,2143.0,0.0,0.0,5.0,1.0,0.0,15.011,13.216,1.795,0.054,0.084,0.089,0.011,180
Ishan Kishan,keeper,134,15652.962,8862.212,6790.75,0.0,0.566,67.0,15.0,6.0,207.531,198.507,9.024,0.054,0.058,1.154,0.067,181
RV Uthappa,keeper,205,24422.0,15726.0,8368.0,328.0,0.644,92.0,45.0,32.0,345.007,331.551,13.456,0.053,0.055,1.466,-0.341,182
A Badoni,outfield,60,6784.821,0.0,6784.821,0.0,0.0,18.0,2.0,0.0,46.0,41.843,4.157,0.052,0.061,0.452,0.207,183
M Kaif,outfield,29,3474.0,0.0,3474.0,0.0,0.0,16.0,1.0,0.0,23.672,21.425,2.247,0.048,0.065,0.272,0.146,184
DJ Hooda,outfield,124,14652.154,0.0,14192.154,460.0,0.0,59.0,4.0,0.0,97.5,90.34,7.159,0.045,0.049,0.77,0.241,185
A Kamboj,outfield,25,2703.583,0.0,2703.583,0.0,0.0,6.0,1.0,0.0,18.413,16.673,1.74,0.045,0.064,0.002,-0.095,186
M Vijay,outfield,106,12560.0,0.0,12201.0,359.0,0.0,47.0,1.0,0.0,83.555,77.443,6.112,0.044,0.049,0.615,0.161,187
Mohammed Siraj,outfield,125,14483.333,0.0,14245.667,237.667,0.0,37.0,2.0,0.0,95.884,89.309,6.575,0.042,0.045,0.361,-0.163,188
SA Yadav,outfield,179,21009.179,0.0,20659.013,350.167,0.0,77.0,2.0,0.0,138.588,129.55,9.038,0.041,0.043,0.641,-0.118,189
YBK Jaiswal,outfield,82,9548.417,0.0,9548.417,0.0,0.0,32.0,3.0,0.0,63.221,58.886,4.335,0.04,0.045,0.331,-0.014,190
R Dravid,outfield,89,10619.0,0.0,9890.0,729.0,0.0,18.0,8.0,0.0,70.126,65.455,4.67,0.04,0.044,0.346,-0.038,191
HC Brook,outfield,11,1225.917,0.0,1021.5,204.417,0.0,3.0,0.0,0.0,8.496,7.551,0.945,0.039,0.077,0.064,0.02,192
Shivam Mavi,outfield,32,3786.0,0.0,3537.0,249.0,0.0,17.0,1.0,0.0,25.21,23.337,1.873,0.038,0.049,0.069,-0.068,193
M Shahrukh Khan,outfield,59,6613.75,0.0,5931.667,682.083,0.0,28.0,1.0,0.0,43.538,40.757,2.782,0.036,0.042,0.417,0.179,194
SE Marsh,outfield,71,8293.0,0.0,7448.0,845.0,0.0,26.0,3.0,0.0,54.477,51.105,3.372,0.036,0.041,0.222,-0.078,195
KD Karthik,keeper,256,29949.583,28353.583,1596.0,0.0,0.947,145.0,46.0,37.0,521.416,510.955,10.461,0.034,0.035,2.19,-0.56,196
CM Gautam,outfield,13,1572.0,362.0,964.0,246.0,0.23,3.0,2.0,4.0,14.76,13.849,0.911,0.033,0.058,0.136,0.058,197
IK Pathan,outfield,102,11966.0,0.0,11472.0,494.0,0.0,28.0,8.0,0.0,77.944,73.773,4.17,0.032,0.035,0.386,-0.046,198
DR Smith,outfield,91,10880.0,0.0,10880.0,0.0,0.0,41.0,3.0,0.0,70.858,67.098,3.76,0.031,0.035,0.65,0.256,199
MEK Hussey,outfield,59,7020.0,0.0,7020.0,0.0,0.0,26.0,1.0,0.0,45.766,43.293,2.473,0.03,0.035,0.259,0.006,200
M Siddharth,outfield,9,989.083,0.0,989.083,0.0,0.0,3.0,0.0,0.0,6.714,6.1,0.614,0.028,0.062,0.028,-0.008,201
DB Ravi Teja,outfield,32,3858.0,0.0,3858.0,0.0,0.0,11.0,2.0,0.0,25.207,23.793,1.414,0.028,0.037,0.238,0.098,202
B Lee,outfield,38,4532.0,0.0,3958.0,574.0,0.0,8.0,6.0,0.0,29.278,27.923,1.355,0.024,0.03,0.131,-0.032,203
KMA Paul,outfield,8,978.0,0.0,978.0,0.0,0.0,6.0,0.0,0.0,6.535,6.031,0.504,0.023,0.052,0.06,0.025,204
TG Southee,outfield,54,6496.833,0.0,5899.833,597.0,0.0,21.0,2.0,0.0,41.519,40.04,1.48,0.019,0.023,0.122,-0.112,205
BJ Rohrer,outfield,8,976.0,0.0,730.0,246.0,0.0,3.0,2.0,0.0,6.387,6.008,0.379,0.017,0.039,0.001,-0.034,206
GH Vihari,outfield,24,2908.0,0.0,2675.0,233.0,0.0,6.0,2.0,0.0,18.517,17.923,0.594,0.014,0.02,0.184,0.079,207
GJ Maxwell,outfield,141,16269.083,0.0,15909.083,360.0,0.0,52.0,7.0,0.0,102.659,100.317,2.342,0.013,0.014,0.461,-0.127,208
Iqbal Abdulla,outfield,49,5814.0,0.0,5132.0,682.0,0.0,12.0,5.0,0.0,36.612,35.825,0.788,0.011,0.014,0.179,-0.031,209
R Tewatia,outfield,120,13906.167,0.0,13441.167,465.0,0.0,47.0,2.0,0.0,87.088,85.74,1.349,0.009,0.01,0.484,-0.019,210
W Jaffer,outfield,8,949.0,0.0,832.0,117.0,0.0,4.0,1.0,0.0,5.947,5.847,0.1,0.005,0.01,0.045,0.011,211
Azhar Mahmood,outfield,23,2776.0,0.0,2529.0,247.0,0.0,7.0,1.0,0.0,17.238,17.109,0.129,0.003,0.005,0.16,0.06,212
Mandeep Singh,outfield,110,12936.75,0.0,12217.833,718.917,0.0,38.0,2.0,0.0,80.096,79.75,0.346,0.002,0.003,0.541,0.073,213
V Shankar,outfield,77,8922.5,0.0,8695.167,227.333,0.0,35.0,4.0,0.0,55.081,55.016,0.065,0.001,0.001,0.597,0.275,214
A Mhatre,outfield,13,1404.0,0.0,1404.0,0.0,0.0,4.0,0.0,0.0,8.67,8.659,0.011,0.0,0.001,0.047,-0.004,215
A Symonds,outfield,39,4650.0,0.0,4650.0,0.0,0.0,20.0,1.0,0.0,28.404,28.677,-0.273,-0.005,-0.006,0.139,-0.029,216
GB Hogg,outfield,21,2442.0,0.0,2442.0,0.0,0.0,4.0,1.0,0.0,14.89,15.06,-0.171,-0.005,-0.007,0.081,-0.008,217
TM Dilshan,outfield,51,6198.0,0.0,6070.0,128.0,0.0,21.0,3.0,0.0,37.862,38.218,-0.356,-0.005,-0.006,0.107,-0.117,218
JD Ryder,outfield,29,3459.0,0.0,3459.0,0.0,0.0,10.0,0.0,0.0,20.948,21.332,-0.385,-0.008,-0.011,0.022,-0.104,219
Abdul Samad,outfield,68,7797.083,0.0,7343.667,453.417,0.0,33.0,0.0,0.0,47.204,48.065,-0.86,-0.01,-0.011,0.419,0.138,220
S Badrinath,outfield,94,11127.0,0.0,11127.0,0.0,0.0,16.0,5.0,0.0,67.321,68.621,-1.3,-0.011,-0.012,0.405,0.003,221
Simarjeet Singh,outfield,14,1584.25,0.0,1584.25,0.0,0.0,3.0,1.0,0.0,9.445,9.77,-0.325,-0.012,-0.021,0.081,0.024,222
Yash Dayal,outfield,43,4873.833,0.0,4873.833,0.0,0.0,8.0,2.0,0.0,29.323,30.057,-0.734,-0.012,-0.015,0.094,-0.082,223
KW Richardson,outfield,15,1805.0,0.0,1805.0,0.0,0.0,5.0,1.0,0.0,10.668,11.132,-0.463,-0.015,-0.026,0.064,-0.001,224
RR Pant,keeper,138,16271.833,15117.833,1154.0,0.0,0.929,90.0,7.0,24.0,271.47,274.305,-2.835,-0.016,-0.017,1.053,-0.424,225
PBB Rajapaksa,outfield,13,1522.583,0.0,1303.583,219.0,0.0,4.0,0.0,0.0,8.904,9.38,-0.476,-0.017,-0.031,0.039,-0.016,226
Yashpal Singh,unknown,8,972.0,0.0,472.0,500.0,0.0,3.0,0.0,0.0,5.57,5.972,-0.402,-0.018,-0.041,0.0,-0.035,227
JDP Oram,outfield,18,2094.0,0.0,1973.0,121.0,0.0,7.0,2.0,0.0,12.203,12.908,-0.705,-0.021,-0.034,0.112,0.037,228
Abhishek Sharma,outfield,92,10594.917,0.0,10483.083,111.833,0.0,35.0,1.0,0.0,62.753,65.335,-2.582,-0.022,-0.024,0.355,-0.028,229
JA Morkel,outfield,90,10647.0,0.0,10647.0,0.0,0.0,17.0,6.0,0.0,62.902,65.661,-2.76,-0.023,-0.026,0.179,-0.206,230
DP Conway,outfield,29,3270.667,0.0,3270.667,0.0,0.0,10.0,1.0,0.0,19.06,20.171,-1.11,-0.025,-0.034,0.138,0.02,231
MJ Lumb,outfield,12,1409.0,0.0,1409.0,0.0,0.0,5.0,0.0,0.0,8.0,8.689,-0.69,-0.026,-0.049,0.116,0.065,232
Shoaib Ahmed,outfield,8,982.0,0.0,982.0,0.0,0.0,4.0,0.0,0.0,5.478,6.056,-0.578,-0.026,-0.059,0.144,0.108,233
WD Parnell,outfield,33,3867.833,0.0,3743.833,124.0,0.0,10.0,1.0,0.0,22.322,23.848,-1.526,-0.03,-0.039,0.069,-0.071,234
N Wadhera,outfield,41,4315.545,0.0,4315.545,0.0,0.0,14.0,1.0,0.0,24.886,26.614,-1.728,-0.031,-0.04,0.042,-0.114,235
AJ Finch,outfield,92,10976.0,0.0,10250.0,726.0,0.0,28.0,3.0,0.0,63.28,67.657,-4.377,-0.036,-0.04,0.143,-0.253,236
MS Bisla,keeper,39,4727.0,2899.0,1704.0,124.0,0.613,20.0,10.0,7.0,60.307,62.504,-2.197,-0.037,-0.046,0.208,-0.133,237
GC Smith,outfield,29,3524.0,0.0,3524.0,0.0,0.0,7.0,0.0,0.0,19.97,21.733,-1.763,-0.037,-0.05,0.145,0.017,238
Joginder Sharma,outfield,16,1873.0,0.0,1873.0,0.0,0.0,5.0,2.0,0.0,10.385,11.551,-1.166,-0.038,-0.062,0.074,0.006,239
R Bhatia,outfield,95,11422.0,0.0,10624.0,798.0,0.0,23.0,8.0,0.0,65.571,70.404,-4.833,-0.038,-0.042,0.207,-0.206,240
OA Shah,outfield,23,2749.0,0.0,2749.0,0.0,0.0,7.0,1.0,0.0,15.434,16.953,-1.52,-0.038,-0.055,0.048,-0.052,241
JD Unadkat,outfield,116,13470.583,0.0,12786.583,684.0,0.0,22.0,7.0,0.0,77.248,83.043,-5.796,-0.04,-0.043,0.271,-0.216,242
R Vinay Kumar,outfield,104,12380.0,0.0,11936.0,444.0,0.0,32.0,13.0,0.0,70.747,76.329,-5.582,-0.041,-0.045,0.533,0.085,243
YK Pathan,outfield,174,20790.0,0.0,19276.0,1514.0,0.0,41.0,10.0,0.0,119.105,128.145,-9.04,-0.041,-0.043,0.574,-0.177,244
AD Mathews,outfield,49,5701.0,0.0,5580.0,121.0,0.0,19.0,3.0,0.0,32.276,35.153,-2.877,-0.042,-0.05,0.116,-0.09,245
AG Murtaza,outfield,12,1432.0,0.0,1432.0,0.0,0.0,3.0,1.0,0.0,7.734,8.831,-1.098,-0.042,-0.077,0.124,0.073,246
PWH de Silva,outfield,37,4230.583,0.0,4230.583,0.0,0.0,3.0,3.0,0.0,23.825,26.09,-2.265,-0.042,-0.054,0.001,-0.152,247
Rashid Khan,outfield,153,17857.167,0.0,16430.167,1427.0,0.0,51.0,6.0,0.0,102.004,110.062,-8.058,-0.042,-0.045,0.539,-0.106,248
N Pooran,outfield,103,11951.654,3215.25,8736.404,0.0,0.269,45.0,6.0,4.0,104.936,110.704,-5.768,-0.044,-0.048,0.46,-0.161,249
SC Ganguly,outfield,59,6749.0,0.0,5930.0,819.0,0.0,22.0,1.0,0.0,38.076,41.585,-3.509,-0.044,-0.052,0.333,0.09,250
B Sai Sudharsan,outfield,57,6375.75,0.0,5910.75,465.0,0.0,14.0,2.0,0.0,35.893,39.299,-3.405,-0.045,-0.053,0.11,-0.12,251
Sachin Baby,outfield,20,2380.75,0.0,2380.75,0.0,0.0,5.0,3.0,0.0,13.011,14.682,-1.671,-0.047,-0.07,0.0,-0.086,252
H Klaasen,keeper,64,7092.667,5119.25,1973.417,0.0,0.722,35.0,8.0,7.0,98.686,102.646,-3.961,-0.048,-0.056,0.715,0.157,253
SS Tiwary,outfield,92,10845.0,0.0,10596.0,249.0,0.0,25.0,5.0,0.0,61.05,66.871,-5.821,-0.048,-0.054,0.148,-0.244,254
VG Arora,outfield,42,4707.417,0.0,4595.583,111.833,0.0,11.0,3.0,0.0,26.09,29.026,-2.936,-0.05,-0.062,0.15,-0.02,255
VY Mahesh,outfield,17,2040.0,0.0,1912.0,128.0,0.0,6.0,0.0,0.0,10.943,12.575,-1.632,-0.05,-0.08,0.049,-0.025,256
Ashwani Kumar,outfield,10,1103.051,0.0,870.885,232.167,0.0,2.0,0.0,0.0,5.628,6.792,-1.164,-0.051,-0.105,0.035,-0.004,257
RN ten Doeschate,outfield,29,3507.0,0.0,3507.0,0.0,0.0,7.0,3.0,0.0,19.191,21.628,-2.437,-0.052,-0.069,0.092,-0.035,258
V Sehwag,outfield,104,12409.0,0.0,12035.0,374.0,0.0,34.0,8.0,0.0,69.452,76.511,-7.059,-0.052,-0.057,0.552,0.104,259
Harbhajan Singh,outfield,163,19694.0,0.0,18895.0,799.0,0.0,38.0,10.0,0.0,110.258,121.419,-11.161,-0.053,-0.057,0.222,-0.489,260
JH Kallis,outfield,98,11799.0,0.0,10757.0,1042.0,0.0,30.0,6.0,0.0,65.774,72.718,-6.944,-0.053,-0.059,0.362,-0.064,261
Suryansh Shedge,outfield,11,1245.417,0.0,1245.417,0.0,0.0,4.0,0.0,0.0,6.321,7.681,-1.359,-0.056,-0.109,0.133,0.088,262
RM Patidar,outfield,56,6321.5,0.0,6321.5,0.0,0.0,20.0,0.0,0.0,34.774,38.985,-4.211,-0.056,-0.067,0.141,-0.088,263
SK Trivedi,outfield,76,9073.0,0.0,8499.0,574.0,0.0,12.0,4.0,0.0,50.08,55.928,-5.848,-0.057,-0.064,0.245,-0.083,264
PA Reddy,outfield,12,1437.0,0.0,1204.0,233.0,0.0,2.0,1.0,0.0,7.283,8.852,-1.569,-0.059,-0.109,0.0,-0.052,265
RV Gomez,outfield,13,1504.0,0.0,1504.0,0.0,0.0,3.0,1.0,0.0,7.648,9.275,-1.627,-0.06,-0.108,0.071,0.017,266
BB Sran,outfield,24,2956.0,0.0,2956.0,0.0,0.0,4.0,2.0,0.0,15.671,18.23,-2.559,-0.062,-0.087,0.249,0.142,267
J Little,outfield,11,1215.167,0.0,1215.167,0.0,0.0,5.0,0.0,0.0,5.99,7.494,-1.504,-0.062,-0.124,0.044,-0.0,268
Naveen-ul-Haq,outfield,17,1886.821,0.0,1886.821,0.0,0.0,6.0,1.0,0.0,9.677,11.636,-1.959,-0.063,-0.104,0.074,0.006,269
SP Fleming,outfield,10,1158.0,0.0,1158.0,0.0,0.0,2.0,0.0,0.0,5.58,7.142,-1.562,-0.066,-0.135,0.028,-0.014,270
Shakib Al Hasan,outfield,71,8518.0,0.0,7692.0,826.0,0.0,13.0,7.0,0.0,46.005,52.494,-6.489,-0.067,-0.076,0.122,-0.185,271
SB Styris,outfield,12,1448.0,0.0,1448.0,0.0,0.0,2.0,2.0,0.0,7.016,8.93,-1.914,-0.072,-0.132,0.075,0.023,272
MP Yadav,outfield,10,1143.583,0.0,1143.583,0.0,0.0,3.0,0.0,0.0,5.35,7.053,-1.703,-0.073,-0.149,0.0,-0.041,273
RJ Harris,outfield,37,4406.0,0.0,4406.0,0.0,0.0,18.0,0.0,0.0,22.936,27.172,-4.236,-0.076,-0.096,0.126,-0.033,274
M Prasidh Krishna,outfield,78,9221.667,0.0,9108.0,113.667,0.0,18.0,2.0,0.0,48.984,56.866,-7.882,-0.076,-0.085,0.228,-0.105,275
Abishek Porel,outfield,33,3636.917,0.0,3411.417,225.5,0.0,9.0,3.0,0.0,18.6,22.419,-3.819,-0.079,-0.105,0.016,-0.115,276
DP Nannes,outfield,29,3545.0,0.0,3545.0,0.0,0.0,8.0,2.0,0.0,18.062,21.862,-3.801,-0.08,-0.107,0.125,-0.003,277
KV Sharma,outfield,89,10351.41,0.0,9405.41,946.0,0.0,18.0,2.0,0.0,54.427,63.795,-9.368,-0.081,-0.091,0.299,-0.075,278
MA Agarwal,outfield,130,15317.25,0.0,14784.833,532.417,0.0,59.0,2.0,0.0,80.665,94.439,-13.774,-0.083,-0.09,0.552,-0.001,279
Arshad Khan,outfield,25,2821.5,0.0,2821.5,0.0,0.0,8.0,0.0,0.0,14.042,17.4,-3.359,-0.084,-0.119,0.09,-0.013,280
SR Watson,outfield,145,17334.0,0.0,16904.0,430.0,0.0,38.0,9.0,0.0,91.326,106.881,-15.555,-0.084,-0.09,0.392,-0.235,281
RA Tripathi,outfield,100,11607.0,0.0,11402.583,204.417,0.0,34.0,1.0,0.0,60.412,71.572,-11.16,-0.087,-0.096,0.374,-0.046,282
UBT Chand,outfield,21,2518.0,0.0,2289.0,229.0,0.0,9.0,0.0,0.0,12.253,15.518,-3.265,-0.088,-0.13,0.075,-0.016,283
K Rabada,outfield,101,11840.333,0.0,11378.333,462.0,0.0,31.0,3.0,0.0,61.202,73.0,-11.797,-0.09,-0.1,0.527,0.099,284
AN Ahmed,outfield,17,2073.0,0.0,2073.0,0.0,0.0,2.0,3.0,0.0,9.771,12.784,-3.014,-0.092,-0.145,0.01,-0.065,285
C Munro,outfield,13,1507.0,0.0,1507.0,0.0,0.0,4.0,0.0,0.0,6.8,9.294,-2.494,-0.092,-0.165,0.099,0.044,286
JM Bairstow,keeper,52,6224.25,3295.0,2697.083,232.167,0.529,29.0,3.0,4.0,69.444,76.289,-6.845,-0.092,-0.11,0.281,-0.138,287
AD Russell,outfield,139,16156.833,0.0,15455.333,701.5,0.0,36.0,4.0,0.0,83.578,99.609,-16.031,-0.092,-0.099,0.614,0.03,288
ML Hayden,outfield,32,3854.0,0.0,3854.0,0.0,0.0,11.0,3.0,0.0,19.074,23.768,-4.694,-0.093,-0.122,0.137,-0.002,289
SN Thakur,outfield,113,13273.808,0.0,13169.808,104.0,0.0,33.0,4.0,0.0,68.287,81.856,-13.569,-0.094,-0.102,0.542,0.062,290
Mukesh Choudhary,outfield,24,2803.083,0.0,2803.083,0.0,0.0,5.0,1.0,0.0,13.513,17.287,-3.774,-0.094,-0.135,0.063,-0.039,291
M Pathirana,outfield,33,3798.917,0.0,3798.917,0.0,0.0,9.0,0.0,0.0,18.708,23.428,-4.72,-0.094,-0.124,0.187,0.049,292
N Thushara,outfield,8,907.417,0.0,907.417,0.0,0.0,1.0,1.0,0.0,3.561,5.596,-2.035,-0.097,-0.224,0.0,-0.033,293
Yuvraj Singh,outfield,132,15535.0,1769.0,13642.0,124.0,0.114,29.0,10.0,0.0,99.534,116.156,-16.621,-0.099,-0.107,1.01,0.344,294
Z Khan,outfield,99,11635.0,0.0,11391.0,244.0,0.0,20.0,6.0,0.0,58.935,71.743,-12.808,-0.1,-0.11,0.313,-0.107,295
Karanveer Singh,outfield,9,1112.0,0.0,1112.0,0.0,0.0,2.0,0.0,0.0,4.518,6.858,-2.34,-0.101,-0.21,0.0,-0.04,296
SH Johnson,outfield,12,1222.833,0.0,995.5,227.333,0.0,3.0,0.0,0.0,5.039,7.531,-2.492,-0.103,-0.204,0.082,0.038,297
AS Raut,outfield,22,2628.0,0.0,2180.0,448.0,0.0,10.0,1.0,0.0,12.122,16.187,-4.065,-0.106,-0.155,0.319,0.224,298
Anmolpreet Singh,outfield,9,1061.0,0.0,968.417,92.583,0.0,2.0,0.0,0.0,4.126,6.539,-2.413,-0.107,-0.227,0.018,-0.02,299
SN Khan,outfield,57,6554.75,0.0,6436.5,118.25,0.0,16.0,3.0,0.0,31.847,40.418,-8.572,-0.111,-0.131,0.137,-0.1,300
Parvez Rasool,outfield,11,1320.0,0.0,1320.0,0.0,0.0,3.0,0.0,0.0,5.288,8.141,-2.853,-0.113,-0.216,0.0,-0.048,301
DE Bollinger,outfield,27,3160.0,0.0,3160.0,0.0,0.0,6.0,1.0,0.0,14.542,19.488,-4.946,-0.113,-0.157,0.049,-0.065,302
DJ Willey,outfield,11,1326.583,0.0,1326.583,0.0,0.0,4.0,0.0,0.0,5.279,8.181,-2.903,-0.115,-0.219,0.0,-0.048,303
S Rana,outfield,11,1227.0,0.0,1227.0,0.0,0.0,3.0,0.0,0.0,4.66,7.567,-2.907,-0.12,-0.237,0.04,-0.004,304
RR Rossouw,outfield,22,2566.167,0.0,2452.5,113.667,0.0,10.0,0.0,0.0,11.288,15.821,-4.532,-0.12,-0.177,0.088,-0.005,305
JEC Franklin,outfield,20,2400.0,0.0,2400.0,0.0,0.0,6.0,0.0,0.0,10.455,14.801,-4.346,-0.121,-0.181,0.064,-0.023,306
CR Woakes,outfield,21,2519.0,0.0,2279.0,240.0,0.0,6.0,0.0,0.0,11.03,15.524,-4.494,-0.121,-0.178,0.039,-0.052,307
S Nadeem,outfield,72,8335.0,0.0,7963.0,372.0,0.0,11.0,4.0,0.0,39.733,51.386,-11.653,-0.122,-0.14,0.127,-0.174,308
SB Wagh,outfield,8,977.0,0.0,977.0,0.0,0.0,1.0,1.0,0.0,3.305,6.025,-2.721,-0.125,-0.278,0.031,-0.004,309
CRD Fernando,outfield,10,1221.0,0.0,1221.0,0.0,0.0,2.0,1.0,0.0,4.469,7.53,-3.061,-0.126,-0.251,0.0,-0.044,310
B Laughlin,outfield,9,994.0,0.0,994.0,0.0,0.0,1.0,0.0,0.0,3.321,6.13,-2.809,-0.128,-0.283,0.033,-0.003,311
S Dube,outfield,90,10316.5,0.0,10316.5,0.0,0.0,27.0,0.0,0.0,48.871,63.623,-14.752,-0.128,-0.143,0.135,-0.238,312
J Yadav,outfield,20,2296.917,0.0,2296.917,0.0,0.0,7.0,0.0,0.0,9.659,14.165,-4.507,-0.129,-0.196,0.101,0.018,313
G Gambhir,outfield,154,18353.0,0.0,17187.0,1166.0,0.0,28.0,8.0,0.0,87.93,113.132,-25.202,-0.129,-0.137,0.265,-0.398,314
RR Powar,outfield,27,3177.0,0.0,3177.0,0.0,0.0,5.0,0.0,0.0,13.852,19.593,-5.741,-0.131,-0.181,0.081,-0.034,315
SK Warne,outfield,55,6465.0,0.0,6017.0,448.0,0.0,11.0,3.0,0.0,29.763,39.85,-10.087,-0.132,-0.156,0.258,0.024,316
AA Chavan,outfield,13,1469.0,0.0,1469.0,0.0,0.0,3.0,0.0,0.0,5.514,9.059,-3.545,-0.133,-0.241,0.06,0.007,317
R Sai Kishore,outfield,28,3187.167,0.0,3073.5,113.667,0.0,8.0,0.0,0.0,13.762,19.65,-5.889,-0.134,-0.185,0.059,-0.056,318
SMSM Senanayake,outfield,8,969.0,0.0,734.0,235.0,0.0,2.0,0.0,0.0,2.955,5.965,-3.01,-0.139,-0.311,0.0,-0.034,319
KH Pandya,outfield,157,18483.904,0.0,18025.904,458.0,0.0,49.0,2.0,0.0,86.479,113.971,-27.492,-0.14,-0.149,0.65,-0.018,320
T Stubbs,outfield,45,4990.583,1677.667,3312.917,0.0,0.336,24.0,1.0,1.0,41.383,50.082,-8.699,-0.141,-0.174,0.109,-0.17,321
MM Patel,outfield,63,7498.0,0.0,7498.0,0.0,0.0,12.0,2.0,0.0,33.972,46.241,-12.269,-0.141,-0.164,0.198,-0.073,322
Priyansh Arya,outfield,30,3254.667,0.0,3254.667,0.0,0.0,10.0,0.0,0.0,13.656,20.072,-6.416,-0.144,-0.197,0.111,-0.007,323
SM Pollock,outfield,13,1503.0,0.0,1175.0,328.0,0.0,2.0,1.0,0.0,5.337,9.254,-3.917,-0.145,-0.261,0.059,0.005,324
Y Venugopal Rao,outfield,64,7582.0,0.0,7222.0,360.0,0.0,13.0,3.0,0.0,33.98,46.743,-12.762,-0.145,-0.168,0.196,-0.078,325
TA Boult,outfield,124,14709.994,0.0,14477.827,232.167,0.0,33.0,3.0,0.0,67.422,90.708,-23.286,-0.146,-0.158,0.331,-0.2,326
S Badree,outfield,12,1414.0,0.0,1288.0,126.0,0.0,2.0,0.0,0.0,4.863,8.715,-3.851,-0.147,-0.272,0.0,-0.051,327
S Lamichhane,outfield,9,1091.0,0.0,1091.0,0.0,0.0,1.0,0.0,0.0,3.321,6.728,-3.408,-0.149,-0.312,0.0,-0.039,328
MM Ali,outfield,72,8507.75,0.0,8507.75,0.0,0.0,22.0,2.0,0.0,37.909,52.468,-14.559,-0.15,-0.171,0.308,-0.0,329
CV Varun,outfield,94,10781.077,0.0,10445.577,335.5,0.0,15.0,4.0,0.0,48.197,66.473,-18.276,-0.153,-0.17,0.215,-0.174,330
UT Yadav,outfield,147,17390.25,0.0,15973.417,1416.833,0.0,36.0,4.0,0.0,78.815,107.183,-28.368,-0.153,-0.163,0.429,-0.199,331
P Nissanka,outfield,10,1111.833,0.0,1111.833,0.0,0.0,2.0,0.0,0.0,3.324,6.857,-3.532,-0.153,-0.318,0.0,-0.04,332
MM Sharma,outfield,120,13868.5,0.0,13281.167,587.333,0.0,25.0,6.0,0.0,62.371,85.502,-23.13,-0.154,-0.167,0.321,-0.18,333
R Ashwin,outfield,219,25979.75,0.0,25609.75,370.0,0.0,44.0,9.0,0.0,117.581,160.203,-42.622,-0.157,-0.164,0.353,-0.586,334
A Ashish Reddy,outfield,31,3717.0,0.0,3484.0,233.0,0.0,8.0,2.0,0.0,15.153,22.913,-7.759,-0.158,-0.209,0.128,-0.007,335
Akash Deep,outfield,14,1670.917,0.0,1670.917,0.0,0.0,2.0,0.0,0.0,5.774,10.305,-4.531,-0.158,-0.271,0.0,-0.06,336
B Kumar,outfield,206,24022.167,0.0,22866.75,1155.417,0.0,33.0,9.0,0.0,107.979,148.095,-40.115,-0.159,-0.167,0.808,-0.06,337
VVS Laxman,outfield,20,2360.0,0.0,2360.0,0.0,0.0,4.0,1.0,0.0,8.883,14.554,-5.671,-0.159,-0.24,0.013,-0.072,338
R Shepherd,outfield,32,3612.0,0.0,3612.0,0.0,0.0,7.0,1.0,0.0,14.406,22.276,-7.87,-0.164,-0.218,0.138,0.007,339
AJ Tye,outfield,30,3624.0,0.0,3624.0,0.0,0.0,7.0,0.0,0.0,14.355,22.35,-7.994,-0.166,-0.221,0.112,-0.019,340
KR Sen,outfield,12,1451.833,0.0,1451.833,0.0,0.0,3.0,0.0,0.0,4.551,8.954,-4.403,-0.166,-0.303,0.0,-0.053,341
VS Malik,outfield,13,1459.0,0.0,1335.0,124.0,0.0,2.0,0.0,0.0,4.578,8.992,-4.415,-0.166,-0.303,0.0,-0.053,342
S Tyagi,outfield,14,1682.0,0.0,1682.0,0.0,0.0,3.0,0.0,0.0,5.492,10.373,-4.881,-0.169,-0.29,0.082,0.021,343
RD Chahar,outfield,80,9430.417,0.0,9211.417,219.0,0.0,21.0,0.0,0.0,39.993,58.148,-18.155,-0.171,-0.193,0.255,-0.086,344
DH Yagnik,keeper,25,3013.0,3013.0,0.0,0.0,1.0,12.0,6.0,5.0,46.055,53.251,-7.196,-0.171,-0.239,0.118,-0.168,345
A Mishra,outfield,162,19287.917,0.0,18566.917,721.0,0.0,19.0,10.0,0.0,83.9,118.918,-35.018,-0.171,-0.182,0.587,-0.11,346
Harpreet Brar,outfield,50,5560.917,0.0,5232.917,328.0,0.0,15.0,0.0,0.0,22.664,34.28,-11.616,-0.172,-0.209,0.147,-0.054,347
STR Binny,outfield,95,11421.0,0.0,11174.0,247.0,0.0,19.0,5.0,0.0,48.64,70.423,-21.783,-0.173,-0.191,0.396,-0.017,348
S Vidyut,outfield,9,1046.0,0.0,1046.0,0.0,0.0,1.0,0.0,0.0,2.541,6.451,-3.91,-0.174,-0.374,0.002,-0.035,349
Shivang Kumar,outfield,13,1485.833,0.0,1485.833,0.0,0.0,0.0,2.0,0.0,4.456,9.163,-4.708,-0.175,-0.317,0.007,-0.047,350
NM Coulter-Nile,outfield,39,4539.0,0.0,4421.0,118.0,0.0,10.0,2.0,0.0,17.905,27.987,-10.082,-0.176,-0.222,0.071,-0.093,351
R Rampaul,outfield,12,1330.0,0.0,1330.0,0.0,0.0,4.0,0.0,0.0,3.713,8.202,-4.489,-0.177,-0.338,0.0,-0.048,352
Basil Thampi,outfield,25,2972.0,0.0,2850.0,122.0,0.0,4.0,1.0,0.0,10.849,18.323,-7.474,-0.179,-0.251,0.034,-0.073,353
DL Vettori,outfield,34,4126.0,0.0,4126.0,0.0,0.0,11.0,4.0,0.0,15.862,25.445,-9.583,-0.18,-0.232,0.088,-0.062,354
Kartik Sharma,outfield,11,1175.25,0.0,1175.25,0.0,0.0,1.0,0.0,0.0,2.965,7.248,-4.283,-0.18,-0.364,0.0,-0.043,355
Atharva Taide,outfield,10,1161.0,0.0,1161.0,0.0,0.0,5.0,0.0,0.0,2.883,7.16,-4.277,-0.181,-0.368,0.057,0.015,356
R Sharma,outfield,44,5138.0,0.0,5138.0,0.0,0.0,10.0,1.0,0.0,20.189,31.687,-11.498,-0.181,-0.224,0.068,-0.118,357
K Khejroliya,outfield,9,965.833,0.0,742.167,223.667,0.0,1.0,0.0,0.0,1.974,5.946,-3.973,-0.183,-0.411,0.036,0.001,358
KR Mayers,outfield,12,1381.667,0.0,1381.667,0.0,0.0,2.0,0.0,0.0,3.745,8.521,-4.776,-0.185,-0.346,0.0,-0.05,359
SM Curran,outfield,64,7534.75,0.0,7534.75,0.0,0.0,24.0,1.0,0.0,30.008,46.468,-16.46,-0.188,-0.218,0.282,0.009,360
AS Joseph,outfield,22,2556.167,0.0,2556.167,0.0,0.0,3.0,2.0,0.0,8.621,15.764,-7.143,-0.19,-0.279,0.0,-0.092,361
AD Nath,outfield,14,1692.0,0.0,1692.0,0.0,0.0,2.0,0.0,0.0,4.904,10.435,-5.53,-0.191,-0.327,0.029,-0.032,362
PR Shah,keeper,16,1849.0,1725.0,124.0,0.0,0.933,10.0,3.0,3.0,25.413,31.252,-5.839,-0.192,-0.316,0.135,-0.033,363
HV Patel,outfield,122,14021.25,0.0,13775.25,246.0,0.0,26.0,9.0,0.0,57.216,86.459,-29.243,-0.192,-0.209,0.453,-0.054,364
DW Steyn,outfield,95,11211.0,0.0,10501.0,710.0,0.0,22.0,4.0,0.0,45.255,69.107,-23.852,-0.192,-0.213,0.361,-0.044,365
Noor Ahmad,outfield,51,5513.917,0.0,5162.583,351.333,0.0,12.0,1.0,0.0,20.897,33.989,-13.092,-0.195,-0.237,0.122,-0.078,366
SM Katich,outfield,11,1331.0,0.0,1331.0,0.0,0.0,2.0,2.0,0.0,3.269,8.208,-4.939,-0.195,-0.371,0.0,-0.048,367
Navdeep Saini,outfield,32,3775.917,0.0,3775.917,0.0,0.0,8.0,0.0,0.0,13.297,23.286,-9.99,-0.201,-0.265,0.212,0.075,368
MF Maharoof,outfield,20,2375.0,0.0,2247.0,128.0,0.0,4.0,2.0,0.0,7.455,14.641,-7.186,-0.201,-0.303,0.029,-0.057,369
M Muralitharan,outfield,66,7921.0,0.0,7921.0,0.0,0.0,14.0,3.0,0.0,30.449,48.85,-18.4,-0.202,-0.232,0.308,0.022,370
N Rana,outfield,127,14766.417,0.0,13731.917,1034.5,0.0,29.0,2.0,0.0,58.766,91.019,-32.253,-0.202,-0.218,0.307,-0.226,371
SJ Srivastava,outfield,14,1672.0,0.0,1548.0,124.0,0.0,2.0,0.0,0.0,4.489,10.306,-5.817,-0.203,-0.348,0.0,-0.06,372
Swapnil Singh,outfield,14,1575.583,0.0,1575.583,0.0,0.0,2.0,1.0,0.0,4.092,9.717,-5.625,-0.203,-0.357,0.033,-0.024,373
CJ Anderson,outfield,30,3529.0,0.0,3529.0,0.0,0.0,11.0,0.0,0.0,12.129,21.764,-9.635,-0.204,-0.273,0.139,0.011,374
JDS Neesham,outfield,14,1667.0,0.0,1667.0,0.0,0.0,2.0,0.0,0.0,4.419,10.281,-5.862,-0.204,-0.352,0.059,-0.002,375
Mukesh Kumar,outfield,42,4838.833,0.0,4495.083,343.75,0.0,7.0,4.0,0.0,17.46,29.826,-12.366,-0.205,-0.256,0.116,-0.058,376
Vijaykumar Vyshak,outfield,26,2887.333,0.0,2887.333,0.0,0.0,6.0,2.0,0.0,9.378,17.806,-8.428,-0.206,-0.292,0.027,-0.078,377
CA Pujara,outfield,30,3632.0,0.0,3511.0,121.0,0.0,6.0,0.0,0.0,12.361,22.393,-10.033,-0.208,-0.276,0.146,0.014,378
JC Archer,outfield,68,8031.917,0.0,8031.917,0.0,0.0,16.0,2.0,0.0,30.335,49.534,-19.199,-0.208,-0.239,0.128,-0.162,379
C Sakariya,outfield,20,2357.583,0.0,2357.583,0.0,0.0,6.0,0.0,0.0,7.017,14.539,-7.523,-0.211,-0.319,0.007,-0.078,380
PJ Sangwan,outfield,42,5006.0,0.0,4878.0,128.0,0.0,8.0,3.0,0.0,17.646,30.867,-13.22,-0.213,-0.264,0.142,-0.039,381
AD Mascarenhas,outfield,13,1563.0,0.0,1563.0,0.0,0.0,2.0,0.0,0.0,3.722,9.639,-5.917,-0.214,-0.379,0.0,-0.057,382
Brijesh Sharma,outfield,13,1506.25,0.0,1506.25,0.0,0.0,1.0,0.0,0.0,3.46,9.289,-5.829,-0.215,-0.387,0.0,-0.054,383
MN Samuels,outfield,15,1793.0,0.0,1793.0,0.0,0.0,2.0,0.0,0.0,4.524,11.058,-6.534,-0.218,-0.364,0.0,-0.065,384
S Sandeep Warrier,outfield,10,1095.917,0.0,971.917,124.0,0.0,1.0,0.0,0.0,1.726,6.753,-5.027,-0.219,-0.459,0.0,-0.04,385
RV Patel,outfield,9,1084.583,0.0,966.333,118.25,0.0,3.0,0.0,0.0,1.654,6.683,-5.03,-0.22,-0.464,0.015,-0.024,386
G Coetzee,outfield,14,1573.0,0.0,1459.333,113.667,0.0,3.0,0.0,0.0,3.562,9.696,-6.134,-0.221,-0.39,0.0,-0.057,387
BW Hilfenhaus,outfield,17,1995.0,0.0,1995.0,0.0,0.0,1.0,1.0,0.0,5.231,12.303,-7.072,-0.221,-0.354,0.113,0.041,388
IC Pandey,outfield,25,2982.0,0.0,2982.0,0.0,0.0,6.0,0.0,0.0,9.005,18.39,-9.386,-0.224,-0.315,0.117,0.009,389
VRV Singh,outfield,19,2098.0,0.0,2098.0,0.0,0.0,3.0,0.0,0.0,5.47,12.939,-7.468,-0.226,-0.356,0.006,-0.069,390
B Akhil,outfield,15,1785.0,0.0,1785.0,0.0,0.0,3.0,1.0,0.0,4.192,11.008,-6.817,-0.228,-0.382,0.019,-0.045,391
A Nehra,outfield,88,10478.0,0.0,10027.0,451.0,0.0,17.0,2.0,0.0,37.743,64.598,-26.856,-0.23,-0.256,0.198,-0.18,392
MR Marsh,outfield,68,7904.333,0.0,7786.083,118.25,0.0,15.0,1.0,0.0,27.682,48.741,-21.06,-0.231,-0.266,0.039,-0.246,393
SD Chitnis,outfield,11,1285.0,0.0,1208.0,77.0,0.0,2.0,0.0,0.0,2.17,7.921,-5.752,-0.231,-0.448,0.036,-0.01,394
M Markande,outfield,40,4732.417,0.0,4732.417,0.0,0.0,8.0,0.0,0.0,15.444,29.185,-13.741,-0.232,-0.29,0.041,-0.131,395
MJ Henry,outfield,9,1009.083,0.0,1009.083,0.0,0.0,1.0,0.0,0.0,1.097,6.223,-5.126,-0.232,-0.508,0.008,-0.029,396
P Kumar,outfield,119,13966.0,0.0,13240.0,726.0,0.0,13.0,7.0,0.0,50.878,86.097,-35.219,-0.232,-0.252,0.215,-0.29,397
Gurkeerat Singh,outfield,41,4697.0,1312.0,3385.0,0.0,0.279,19.0,1.0,1.0,30.322,44.064,-13.742,-0.233,-0.293,0.119,-0.128,398
KM Jadhav,outfield,94,10905.167,4459.0,6219.167,227.0,0.409,31.0,7.0,7.0,90.211,118.551,-28.34,-0.234,-0.26,0.533,-0.124,399
Harsh Dubey,outfield,11,1228.417,0.0,1228.417,0.0,0.0,3.0,0.0,0.0,1.874,7.576,-5.702,-0.235,-0.464,0.024,-0.02,400
AM Nayar,outfield,60,7069.0,0.0,6741.0,328.0,0.0,13.0,2.0,0.0,24.138,43.58,-19.442,-0.235,-0.275,0.307,0.052,401
Harpreet Singh,outfield,9,1039.833,0.0,1039.833,0.0,0.0,3.0,0.0,0.0,1.118,6.413,-5.294,-0.236,-0.509,0.0,-0.038,402
CH Gayle,outfield,140,16544.0,0.0,15857.0,687.0,0.0,29.0,0.0,0.0,59.979,101.997,-42.018,-0.237,-0.254,0.281,-0.317,403
C de Grandhomme,outfield,25,2955.0,0.0,2715.0,240.0,0.0,6.0,1.0,0.0,8.314,18.213,-9.899,-0.238,-0.335,0.08,-0.027,404
AM Ghazanfar,outfield,11,1193.308,0.0,1193.308,0.0,0.0,1.0,0.0,0.0,1.655,7.359,-5.704,-0.238,-0.478,0.074,0.03,405
S Aravind,outfield,38,4464.0,0.0,4464.0,0.0,0.0,5.0,1.0,0.0,14.022,27.53,-13.508,-0.238,-0.303,0.054,-0.107,406
SE Rutherford,outfield,30,3454.808,0.0,3341.141,113.667,0.0,7.0,0.0,0.0,10.196,21.301,-11.105,-0.239,-0.321,0.054,-0.071,407
AB Agarkar,outfield,42,4787.0,0.0,4340.0,447.0,0.0,4.0,3.0,0.0,15.133,29.502,-14.369,-0.24,-0.3,0.045,-0.128,408
CJ Ferguson,outfield,9,1020.0,0.0,1020.0,0.0,0.0,2.0,0.0,0.0,0.937,6.29,-5.353,-0.241,-0.525,0.0,-0.037,409
CA Lynn,outfield,42,4974.0,0.0,4852.0,122.0,0.0,12.0,0.0,0.0,15.759,30.67,-14.911,-0.242,-0.3,0.127,-0.053,410
TK Curran,outfield,13,1517.0,0.0,1517.0,0.0,0.0,2.0,0.0,0.0,2.769,9.356,-6.587,-0.242,-0.434,0.006,-0.048,411
A Raghuvanshi,outfield,33,3658.994,1047.827,2611.167,0.0,0.286,11.0,1.0,1.0,22.836,34.622,-11.786,-0.243,-0.322,0.235,0.041,412
OC McCoy,outfield,8,991.583,0.0,991.583,0.0,0.0,1.0,0.0,0.0,0.782,6.115,-5.334,-0.243,-0.538,0.0,-0.036,413
Washington Sundar,outfield,82,9661.75,0.0,9343.667,318.083,0.0,20.0,1.0,0.0,33.017,59.571,-26.553,-0.244,-0.275,0.212,-0.137,414
Akash Singh,outfield,12,1421.167,0.0,1421.167,0.0,0.0,2.0,0.0,0.0,2.335,8.764,-6.429,-0.245,-0.452,0.0,-0.051,415
TS Mills,outfield,10,1169.0,0.0,1169.0,0.0,0.0,1.0,0.0,0.0,1.38,7.209,-5.829,-0.246,-0.499,0.0,-0.042,416
A Nortje,outfield,49,5843.083,0.0,5129.333,713.75,0.0,10.0,1.0,0.0,18.545,36.002,-17.457,-0.248,-0.299,0.084,-0.127,417
AC Thomas,outfield,15,1733.0,0.0,1733.0,0.0,0.0,3.0,1.0,0.0,3.378,10.688,-7.309,-0.249,-0.422,0.017,-0.045,418
A Chandila,outfield,12,1452.0,0.0,1452.0,0.0,0.0,2.0,0.0,0.0,2.32,8.955,-6.635,-0.25,-0.457,0.033,-0.019,419
M Morkel,outfield,70,8350.0,0.0,8104.0,246.0,0.0,11.0,4.0,0.0,27.455,51.484,-24.029,-0.252,-0.288,0.194,-0.108,420
PP Chawla,outfield,192,22598.462,0.0,21744.462,854.0,0.0,36.0,10.0,0.0,79.212,139.328,-60.116,-0.253,-0.266,0.361,-0.456,421
I Sharma,outfield,117,13702.333,0.0,12540.083,1162.25,0.0,20.0,3.0,0.0,46.775,84.451,-37.676,-0.253,-0.275,0.183,-0.312,422
SP Narine,outfield,201,23609.827,0.0,22433.327,1176.5,0.0,29.0,6.0,0.0,82.572,145.551,-62.979,-0.254,-0.267,0.564,-0.289,423
PP Ojha,outfield,92,11081.0,0.0,11081.0,0.0,0.0,14.0,3.0,0.0,37.049,68.338,-31.288,-0.255,-0.282,0.081,-0.32,424
MP Stoinis,outfield,120,13816.654,0.0,13446.654,370.0,0.0,26.0,4.0,0.0,46.737,85.192,-38.455,-0.256,-0.278,0.313,-0.187,425
Mohammed Shami,outfield,132,15285.583,0.0,15176.583,109.0,0.0,22.0,10.0,0.0,51.468,94.263,-42.795,-0.26,-0.28,0.53,-0.023,426
BAW Mendis,outfield,10,1218.0,0.0,968.0,250.0,0.0,1.0,0.0,0.0,1.196,7.5,-6.304,-0.261,-0.518,0.0,-0.044,427
Harmeet Singh,outfield,28,3371.0,0.0,3127.0,244.0,0.0,3.0,3.0,0.0,8.861,20.778,-11.917,-0.261,-0.354,0.018,-0.104,428
J Overton,outfield,13,1424.833,0.0,1424.833,0.0,0.0,1.0,0.0,0.0,1.936,8.787,-6.851,-0.261,-0.481,0.035,-0.016,429
PC Valthaty,outfield,23,2670.0,0.0,2670.0,0.0,0.0,3.0,0.0,0.0,6.336,16.466,-10.13,-0.262,-0.379,0.0,-0.097,430
Arshdeep Singh,outfield,96,10861.5,0.0,10642.5,219.0,0.0,16.0,4.0,0.0,35.387,66.974,-31.587,-0.262,-0.291,0.321,-0.072,431
P Awana,outfield,33,3998.0,0.0,3390.0,608.0,0.0,4.0,1.0,0.0,10.969,24.628,-13.659,-0.263,-0.342,0.034,-0.11,432
J Syed Mohammad,outfield,11,1370.0,0.0,1370.0,0.0,0.0,1.0,2.0,0.0,1.625,8.449,-6.824,-0.266,-0.498,0.044,-0.005,433
Anureet Singh,outfield,23,2709.0,0.0,2459.0,250.0,0.0,5.0,1.0,0.0,6.297,16.695,-10.398,-0.266,-0.384,0.129,0.031,434
HF Gurney,outfield,8,913.0,0.0,913.0,0.0,0.0,0.0,0.0,0.0,0.0,5.631,-5.631,-0.266,-0.617,0.0,-0.033,435
SL Malinga,outfield,122,14752.0,0.0,14752.0,0.0,0.0,15.0,6.0,0.0,48.376,90.977,-42.601,-0.267,-0.289,0.465,-0.068,436
N Jagadeesan,outfield,13,1474.083,0.0,1249.5,224.583,0.0,1.0,0.0,0.0,1.936,9.081,-7.144,-0.267,-0.485,0.0,-0.053,437
E Lewis,outfield,27,3210.0,0.0,3210.0,0.0,0.0,9.0,0.0,0.0,8.013,19.796,-11.784,-0.267,-0.367,0.116,0.0,438
MS Gony,outfield,44,5222.0,0.0,4979.0,243.0,0.0,4.0,2.0,0.0,15.02,32.194,-17.173,-0.267,-0.329,0.105,-0.083,439
Ashutosh Sharma,outfield,29,3260.083,0.0,3260.083,0.0,0.0,6.0,0.0,0.0,8.14,20.105,-11.965,-0.268,-0.367,0.02,-0.098,440
Misbah-ul-Haq,outfield,8,928.0,0.0,684.0,244.0,0.0,1.0,0.0,0.0,0.0,5.712,-5.712,-0.268,-0.616,0.0,-0.033,441
P Parameswaran,outfield,8,931.0,0.0,931.0,0.0,0.0,0.0,0.0,0.0,0.0,5.742,-5.742,-0.269,-0.617,0.0,-0.034,442
AB Dinda,outfield,77,8880.0,0.0,8187.0,693.0,0.0,7.0,5.0,0.0,27.506,54.732,-27.227,-0.27,-0.307,0.154,-0.167,443
JP Behrendorff,outfield,17,1949.795,0.0,1949.795,0.0,0.0,2.0,0.0,0.0,3.508,12.025,-8.516,-0.27,-0.437,0.0,-0.071,444
Yash Raj Punja,outfield,8,942.167,0.0,942.167,0.0,0.0,0.0,0.0,0.0,0.0,5.81,-5.81,-0.271,-0.617,0.0,-0.034,445
IS Sodhi,outfield,8,945.0,0.0,945.0,0.0,0.0,0.0,0.0,0.0,0.0,5.828,-5.828,-0.272,-0.617,0.0,-0.034,446
PP Shaw,outfield,79,9481.583,0.0,8886.083,595.5,0.0,18.0,0.0,0.0,29.394,58.447,-29.053,-0.272,-0.306,0.202,-0.141,447
LH Ferguson,outfield,52,6129.583,0.0,6129.583,0.0,0.0,9.0,4.0,0.0,17.836,37.802,-19.965,-0.272,-0.326,0.118,-0.104,448
CA Ingram,outfield,14,1718.0,0.0,1718.0,0.0,0.0,1.0,0.0,0.0,2.62,10.595,-7.975,-0.273,-0.464,0.0,-0.062,449
DB Das,outfield,31,3635.0,0.0,3282.0,353.0,0.0,7.0,2.0,0.0,9.18,22.401,-13.222,-0.273,-0.364,0.014,-0.117,450
AS Rajpoot,outfield,29,3429.0,0.0,3307.0,122.0,0.0,3.0,1.0,0.0,8.479,21.141,-12.663,-0.274,-0.369,0.05,-0.074,451
Mohsin Khan,outfield,30,3472.737,0.0,3472.737,0.0,0.0,4.0,0.0,0.0,8.612,21.417,-12.805,-0.274,-0.369,0.097,-0.028,452
DS Kulkarni,outfield,92,10883.0,0.0,10555.0,328.0,0.0,18.0,2.0,0.0,33.979,67.102,-33.122,-0.274,-0.304,0.242,-0.151,453
SE Bond,outfield,8,964.0,0.0,843.0,121.0,0.0,0.0,0.0,0.0,0.0,5.94,-5.94,-0.274,-0.616,0.0,-0.035,454
YS Chahal,outfield,187,21719.917,0.0,21719.917,0.0,0.0,31.0,5.0,0.0,70.825,133.949,-63.124,-0.275,-0.291,0.483,-0.303,455
Mohammad Asif,outfield,8,986.0,0.0,986.0,0.0,0.0,0.0,0.0,0.0,0.0,6.081,-6.081,-0.278,-0.617,0.0,-0.036,456
Yash Thakur,outfield,22,2462.987,0.0,2462.987,0.0,0.0,2.0,1.0,0.0,4.981,15.19,-10.209,-0.279,-0.414,0.0,-0.089,457
Jaskaran Singh,outfield,8,998.0,0.0,998.0,0.0,0.0,0.0,0.0,0.0,0.0,6.155,-6.155,-0.28,-0.617,0.0,-0.036,458
KC Cariappa,outfield,11,1295.0,0.0,1295.0,0.0,0.0,2.0,0.0,0.0,0.954,7.986,-7.032,-0.282,-0.543,0.008,-0.039,459
JR Hazlewood,outfield,52,5809.583,0.0,5809.583,0.0,0.0,8.0,0.0,0.0,16.065,35.828,-19.763,-0.282,-0.34,0.072,-0.138,460
Sakib Hussain,outfield,11,1302.083,0.0,1302.083,0.0,0.0,1.0,0.0,0.0,0.952,8.03,-7.078,-0.283,-0.544,0.024,-0.023,461
KL Rahul,keeper,159,18442.321,11312.071,6770.25,360.0,0.613,83.0,10.0,8.0,187.519,243.883,-56.364,-0.287,-0.306,1.257,-0.074,462
Fazalhaq Farooqi,outfield,12,1388.667,0.0,1184.25,204.417,0.0,1.0,0.0,0.0,1.098,8.555,-7.457,-0.288,-0.537,0.0,-0.05,463
JL Pattinson,outfield,10,1202.0,0.0,1202.0,0.0,0.0,2.0,0.0,0.0,0.483,7.413,-6.93,-0.289,-0.577,0.016,-0.027,464
Yudhvir Singh,outfield,9,1064.821,0.0,1064.821,0.0,0.0,0.0,0.0,0.0,0.0,6.567,-6.567,-0.29,-0.617,0.0,-0.039,465
M Vohra,outfield,55,6507.0,0.0,5901.0,606.0,0.0,13.0,1.0,0.0,17.679,40.102,-22.423,-0.291,-0.345,0.129,-0.106,466
V Suryavanshi,outfield,23,2640.5,0.0,2640.5,0.0,0.0,2.0,0.0,0.0,5.096,16.284,-11.188,-0.291,-0.424,0.013,-0.082,467
DP Vijaykumar,outfield,9,1084.0,0.0,1084.0,0.0,0.0,0.0,0.0,0.0,0.0,6.685,-6.685,-0.293,-0.617,0.0,-0.039,468
V Pratap Singh,outfield,9,1092.0,0.0,1092.0,0.0,0.0,0.0,0.0,0.0,0.0,6.734,-6.734,-0.294,-0.617,0.0,-0.039,469
TU Deshpande,outfield,53,6144.833,0.0,5896.833,248.0,0.0,10.0,1.0,0.0,15.979,37.885,-21.905,-0.298,-0.356,0.182,-0.04,470
L Balaji,outfield,73,8724.0,0.0,8051.0,673.0,0.0,9.0,4.0,0.0,24.083,53.771,-29.689,-0.299,-0.34,0.074,-0.241,471
S Kaushik,outfield,10,1147.0,0.0,1147.0,0.0,0.0,0.0,0.0,0.0,0.0,7.074,-7.074,-0.301,-0.617,0.0,-0.041,472
B Chipli,outfield,23,2761.0,0.0,2638.0,123.0,0.0,4.0,0.0,0.0,5.075,17.022,-11.946,-0.302,-0.433,0.027,-0.073,473
SV Samson,keeper,190,22297.25,16764.25,5533.0,0.0,0.752,90.0,26.0,19.0,259.527,330.409,-70.881,-0.302,-0.318,1.268,-0.523,474
FH Allen,outfield,10,1166.077,0.0,1166.077,0.0,0.0,1.0,0.0,0.0,0.048,7.191,-7.144,-0.302,-0.613,0.0,-0.042,475
WPUJC Vaas,outfield,13,1524.0,0.0,1524.0,0.0,0.0,0.0,1.0,0.0,1.159,9.399,-8.24,-0.302,-0.541,0.004,-0.052,476
YA Abdulla,outfield,11,1187.0,0.0,1187.0,0.0,0.0,0.0,0.0,0.0,0.0,7.32,-7.32,-0.307,-0.617,0.0,-0.043,477
A Kumble,outfield,42,5020.0,0.0,4776.0,244.0,0.0,9.0,0.0,0.0,11.841,30.948,-19.107,-0.307,-0.381,0.066,-0.115,478
AB McDonald,outfield,10,1212.0,0.0,1212.0,0.0,0.0,0.0,0.0,0.0,0.0,7.475,-7.475,-0.31,-0.617,0.0,-0.044,479
Avesh Khan,outfield,82,9644.0,0.0,9644.0,0.0,0.0,13.0,2.0,0.0,25.82,59.476,-33.656,-0.31,-0.349,0.165,-0.183,480
Aman Hakim Khan,keeper,12,1370.5,1259.5,111.0,0.0,0.919,9.0,0.0,0.0,14.948,22.945,-7.997,-0.311,-0.583,0.087,-0.037,481
PVD Chameera,outfield,20,2246.333,0.0,2246.333,0.0,0.0,3.0,1.0,0.0,3.027,13.853,-10.827,-0.314,-0.482,0.084,0.003,482
T Natarajan,outfield,73,8395.583,0.0,7942.167,453.417,0.0,10.0,4.0,0.0,21.484,51.756,-30.272,-0.315,-0.361,0.048,-0.255,483
NT Ellis,outfield,17,1889.75,0.0,1889.75,0.0,0.0,2.0,0.0,0.0,1.831,11.654,-9.823,-0.318,-0.52,0.0,-0.068,484
Mustafizur Rahman,outfield,60,7088.833,0.0,6977.0,111.833,0.0,5.0,0.0,0.0,17.3,43.713,-26.412,-0.319,-0.373,0.092,-0.164,485
GD McGrath,outfield,14,1660.0,0.0,1532.0,128.0,0.0,2.0,0.0,0.0,1.093,10.232,-9.139,-0.32,-0.551,0.0,-0.06,486
Rasikh Salam,outfield,25,2913.917,0.0,2913.917,0.0,0.0,5.0,0.0,0.0,4.769,17.97,-13.201,-0.321,-0.453,0.015,-0.09,487
S Kaul,outfield,55,6477.0,0.0,5518.0,959.0,0.0,8.0,0.0,0.0,15.223,39.901,-24.677,-0.321,-0.381,0.137,-0.096,488
Umran Malik,outfield,26,3081.667,0.0,2877.25,204.417,0.0,4.0,2.0,0.0,5.228,18.996,-13.768,-0.322,-0.447,0.003,-0.109,489
Mujeeb Ur Rahman,outfield,20,2480.167,0.0,2480.167,0.0,0.0,2.0,0.0,0.0,3.364,15.295,-11.932,-0.324,-0.481,0.037,-0.053,490
M Theekshana,outfield,38,4449.75,0.0,4449.75,0.0,0.0,4.0,2.0,0.0,8.903,27.442,-18.539,-0.328,-0.417,0.062,-0.099,491
Imran Tahir,outfield,59,6922.0,0.0,6695.0,227.0,0.0,8.0,0.0,0.0,15.912,42.678,-26.767,-0.33,-0.387,0.211,-0.039,492
M Ashwin,outfield,44,5183.917,0.0,5183.917,0.0,0.0,7.0,0.0,0.0,10.829,31.97,-21.141,-0.331,-0.408,0.01,-0.178,493
KA Jamieson,outfield,15,1617.917,0.0,1617.917,0.0,0.0,2.0,0.0,0.0,0.527,9.978,-9.451,-0.335,-0.584,0.0,-0.059,494
VR Aaron,outfield,50,5862.0,0.0,5862.0,0.0,0.0,3.0,2.0,0.0,12.189,36.152,-23.962,-0.339,-0.409,0.0,-0.212,495
RP Meredith,outfield,18,2157.583,0.0,2048.583,109.0,0.0,2.0,0.0,0.0,1.876,13.301,-11.425,-0.34,-0.53,0.0,-0.078,496
RS Bopara,outfield,24,2753.0,0.0,2629.0,124.0,0.0,4.0,0.0,0.0,3.513,16.972,-13.46,-0.34,-0.489,0.036,-0.063,497
Pankaj Singh,outfield,17,2043.0,0.0,2043.0,0.0,0.0,2.0,0.0,0.0,1.543,12.599,-11.056,-0.341,-0.541,0.053,-0.021,498
Akash Madhwal,outfield,17,1931.628,0.0,1931.628,0.0,0.0,1.0,1.0,0.0,1.218,11.913,-10.695,-0.342,-0.554,0.0,-0.07,499
SB Dubey,outfield,17,1953.667,0.0,1953.667,0.0,0.0,1.0,1.0,0.0,1.201,12.048,-10.847,-0.344,-0.555,0.0,-0.071,500
TM Head,outfield,53,5880.833,0.0,5880.833,0.0,0.0,6.0,0.0,0.0,11.618,36.268,-24.65,-0.348,-0.419,0.171,-0.041,501
Suyash Sharma,outfield,39,4277.417,0.0,4052.833,224.583,0.0,2.0,1.0,0.0,7.154,26.369,-19.215,-0.351,-0.449,0.055,-0.099,502
DL Chahar,outfield,103,12120.327,0.0,11893.327,227.0,0.0,14.0,1.0,0.0,27.879,74.737,-46.858,-0.352,-0.387,0.138,-0.301,503
AL Menaria,outfield,29,3382.0,0.0,2808.0,574.0,0.0,4.0,0.0,0.0,4.693,20.831,-16.138,-0.352,-0.477,0.016,-0.106,504
JJ Bumrah,outfield,158,18731.301,0.0,18074.135,657.167,0.0,15.0,4.0,0.0,45.043,115.488,-70.445,-0.353,-0.376,0.429,-0.248,505
JR Hopes,outfield,20,2392.0,0.0,2392.0,0.0,0.0,5.0,0.0,0.0,1.968,14.752,-12.784,-0.356,-0.534,0.053,-0.034,506
A Zampa,outfield,22,2476.583,0.0,2476.583,0.0,0.0,1.0,0.0,0.0,2.155,15.273,-13.118,-0.357,-0.53,0.069,-0.021,507
Ankit Sharma,outfield,22,2655.0,0.0,2655.0,0.0,0.0,4.0,0.0,0.0,2.464,16.374,-13.909,-0.361,-0.524,0.0,-0.096,508
Kartik Tyagi,outfield,33,3964.66,0.0,3840.66,124.0,0.0,6.0,1.0,0.0,5.754,24.445,-18.691,-0.362,-0.471,0.078,-0.065,509
A Singh,outfield,23,2746.0,0.0,2298.0,448.0,0.0,1.0,0.0,0.0,2.62,16.914,-14.294,-0.362,-0.521,0.062,-0.037,510
Kuldeep Yadav,outfield,110,12760.333,0.0,12298.583,461.75,0.0,14.0,3.0,0.0,27.674,78.673,-50.999,-0.365,-0.4,0.215,-0.246,511
L Ngidi,outfield,27,3160.583,0.0,3160.583,0.0,0.0,1.0,1.0,0.0,3.558,19.492,-15.934,-0.365,-0.504,0.003,-0.111,512
S Sreesanth,outfield,44,5240.0,0.0,5114.0,126.0,0.0,3.0,0.0,0.0,8.64,32.31,-23.67,-0.368,-0.452,0.0,-0.189,513
MD Mishra,outfield,18,2194.0,0.0,2194.0,0.0,0.0,1.0,0.0,0.0,0.997,13.531,-12.533,-0.369,-0.571,0.0,-0.079,514
PA Patel,keeper,139,16635.0,13889.0,2746.0,0.0,0.835,69.0,26.0,16.0,196.435,262.405,-65.97,-0.37,-0.397,1.668,0.25,515
Sandeep Sharma,outfield,142,16701.667,0.0,15008.667,1693.0,0.0,19.0,5.0,0.0,36.557,102.924,-66.366,-0.371,-0.397,0.193,-0.41,516
K Kartikeya,outfield,16,1874.628,0.0,1874.628,0.0,0.0,1.0,0.0,0.0,0.158,11.561,-11.403,-0.371,-0.608,0.0,-0.068,517
HM Amla,outfield,16,1887.0,0.0,1887.0,0.0,0.0,0.0,0.0,0.0,0.0,11.637,-11.637,-0.377,-0.617,0.0,-0.068,518
S Sohal,outfield,22,2646.0,0.0,2646.0,0.0,0.0,2.0,0.0,0.0,1.738,16.318,-14.58,-0.379,-0.551,0.0,-0.096,519
BA Bhatt,outfield,17,1950.0,0.0,1827.0,123.0,0.0,0.0,0.0,0.0,0.0,12.02,-12.02,-0.382,-0.616,0.0,-0.07,520
Azmatullah Omarzai,outfield,19,2014.25,0.0,2014.25,0.0,0.0,0.0,0.0,0.0,0.0,12.422,-12.422,-0.386,-0.617,0.0,-0.073,521
PV Tambe,outfield,33,3964.0,0.0,3964.0,0.0,0.0,1.0,0.0,0.0,4.059,24.446,-20.387,-0.395,-0.514,0.007,-0.136,522
MJ McClenaghan,outfield,56,6797.0,0.0,6372.0,425.0,0.0,1.0,1.0,0.0,6.51,41.898,-35.388,-0.443,-0.521,0.004,-0.241,523
S Gopal,outfield,52,5989.333,0.0,5897.333,92.0,0.0,5.0,0.0,0.0,4.136,36.933,-32.796,-0.456,-0.548,0.046,-0.171,524
AP Tare,keeper,35,4170.0,2640.0,1530.0,0.0,0.633,3.0,0.0,6.0,30.686,56.094,-25.408,-0.473,-0.609,0.076,-0.23,525
KK Ahmed,outfield,76,8847.667,0.0,8734.0,113.667,0.0,5.0,2.0,0.0,6.778,54.559,-47.782,-0.476,-0.54,0.044,-0.276,526
KS Bharat,keeper,10,1168.0,912.0,256.0,0.0,0.781,5.0,0.0,1.0,6.359,17.697,-11.338,-0.479,-0.971,0.073,-0.023,527
P Simran Singh,outfield,65,7185.5,3192.333,3884.167,109.0,0.444,13.0,1.0,2.0,27.832,81.042,-53.21,-0.635,-0.741,0.119,-0.328,528
